building_id,blighted
91,1
96,1
275,1
391,1
392,1
402,1
404,1
410,1
448,1
467,1
483,1
516,1
569,1
597,1
614,1
621,1
628,1
634,1
635,1
636,1
640,1
683,1
686,1
687,1
690,1
715,1
738,1
745,1
746,1
747,1
748,1
749,1
750,1
751,1
754,1
759,1
760,1
761,1
762,1
764,1
765,1
766,1
768,1
774,1
777,1
778,1
779,1
788,1
791,1
794,1
808,1
809,1
813,1
817,1
822,1
823,1
826,1
830,1
836,1
839,1
842,1
848,1
849,1
851,1
852,1
864,1
894,1
896,1
897,1
899,1
911,1
916,1
919,1
926,1
933,1
953,1
957,1
960,1
973,1
975,1
976,1
978,1
994,1
1022,1
1026,1
1040,1
1041,1
1042,1
1043,1
1047,1
1062,1
1064,1
1112,1
1117,1
1132,1
1153,1
1211,1
1219,1
1223,1
1305,1
1317,1
1319,1
1332,1
1339,1
1341,1
1353,1
1358,1
1359,1
1412,1
1426,1
1454,1
1464,1
1465,1
1478,1
1483,1
1484,1
1489,1
1490,1
1491,1
1504,1
1506,1
1537,1
1547,1
1552,1
1561,1
1565,1
1581,1
1583,1
1609,1
1610,1
1611,1
1619,1
1621,1
1662,1
1735,1
1738,1
1742,1
1743,1
1752,1
1754,1
1755,1
1764,1
1765,1
1770,1
1783,1
1803,1
1835,1
1853,1
1862,1
1884,1
1935,1
1948,1
1959,1
2002,1
2003,1
2005,1
2020,1
2025,1
2033,1
2047,1
2053,1
2060,1
2063,1
2065,1
2072,1
2073,1
2076,1
2081,1
2084,1
2087,1
2101,1
2134,1
2154,1
2155,1
2188,1
2192,1
2204,1
2216,1
2269,1
2288,1
2293,1
2313,1
2317,1
2328,1
2336,1
2342,1
2361,1
2382,1
2383,1
2387,1
2401,1
2404,1
2410,1
2411,1
2442,1
2533,1
2535,1
2563,1
2573,1
2591,1
2638,1
2645,1
2667,1
2670,1
2691,1
2698,1
2701,1
2702,1
2719,1
2722,1
2728,1
2741,1
2758,1
2776,1
2785,1
2799,1
2820,1
2828,1
2833,1
2837,1
2842,1
2915,1
2916,1
2931,1
2940,1
2948,1
2956,1
2969,1
2971,1
2972,1
2973,1
2974,1
2975,1
3016,1
3031,1
3032,1
3038,1
3069,1
3098,1
3105,1
3107,1
3114,1
3121,1
3187,1
3237,1
3252,1
3278,1
3279,1
3284,1
3286,1
3297,1
3317,1
3321,1
3322,1
3338,1
3349,1
3352,1
3358,1
3373,1
3380,1
3387,1
3407,1
3420,1
3461,1
3471,1
3491,1
3526,1
3578,1
3606,1
3625,1
3704,1
3715,1
3722,1
3736,1
3762,1
3763,1
3776,1
3792,1
3805,1
3807,1
3829,1
3834,1
3846,1
3866,1
3894,1
3911,1
3912,1
3916,1
3933,1
3948,1
3977,1
4004,1
4012,1
4018,1
4030,1
4041,1
4070,1
4116,1
4136,1
4143,1
4162,1
4181,1
4229,1
4238,1
4264,1
4292,1
4309,1
4325,1
4329,1
4406,1
4410,1
4434,1
4484,1
4509,1
4514,1
4577,1
4578,1
4621,1
4622,1
4625,1
4626,1
4627,1
4646,1
4655,1
4717,1
4761,1
4771,1
4820,1
4824,1
4860,1
4891,1
4901,1
4914,1
4920,1
4926,1
4931,1
4932,1
4945,1
4964,1
4977,1
4990,1
5014,1
5069,1
5078,1
5108,1
5123,1
5135,1
5161,1
5162,1
5163,1
5165,1
5170,1
5172,1
5180,1
5182,1
5190,1
5191,1
5195,1
5197,1
5227,1
5231,1
5275,1
5314,1
5322,1
5336,1
5349,1
5353,1
5375,1
5415,1
5426,1
5507,1
5530,1
5544,1
5609,1
5617,1
5625,1
5640,1
5642,1
5693,1
5698,1
5700,1
5751,1
5759,1
5762,1
5767,1
5817,1
5821,1
5832,1
5932,1
5933,1
5944,1
5946,1
5950,1
5968,1
5969,1
5970,1
6005,1
6022,1
6128,1
6135,1
6139,1
6183,1
6200,1
6215,1
6248,1
6257,1
6275,1
6300,1
6305,1
6358,1
6378,1
6394,1
6398,1
6409,1
6485,1
6503,1
6512,1
6533,1
6552,1
6568,1
6577,1
6578,1
6579,1
6584,1
6643,1
6660,1
6661,1
6664,1
6754,1
6847,1
6853,1
6910,1
6949,1
6975,1
6980,1
7004,1
7005,1
7009,1
7023,1
7024,1
7027,1
7035,1
7053,1
7064,1
7069,1
7108,1
7109,1
7119,1
7141,1
7175,1
7238,1
7328,1
7345,1
7393,1
7400,1
7403,1
7404,1
7456,1
7479,1
7552,1
7554,1
7607,1
7611,1
7613,1
7622,1
7626,1
7666,1
7690,1
7698,1
7738,1
7755,1
7788,1
7808,1
7809,1
7810,1
7841,1
7935,1
7947,1
7949,1
8017,1
8037,1
8090,1
8092,1
8109,1
8119,1
8179,1
8183,1
8200,1
8201,1
8226,1
8229,1
8236,1
8244,1
8279,1
8281,1
8340,1
8383,1
8384,1
8445,1
8497,1
8500,1
8502,1
8540,1
8541,1
8542,1
8543,1
8583,1
8669,1
8682,1
8766,1
8834,1
8927,1
8995,1
9056,1
9144,1
9263,1
9275,1
9284,1
9344,1
9401,1
9407,1
9413,1
9414,1
9457,1
9470,1
9472,1
9508,1
9569,1
9574,1
9603,1
9676,1
9740,1
9742,1
9749,1
9802,1
9806,1
9812,1
9859,1
9870,1
9907,1
9954,1
9957,1
10048,1
10124,1
10125,1
10273,1
10326,1
10479,1
10497,1
10697,1
10698,1
10699,1
10700,1
10822,1
10825,1
11010,1
11106,1
11195,1
11281,1
11363,1
11409,1
11428,1
11441,1
11443,1
11491,1
11499,1
11529,1
11557,1
11571,1
11575,1
11605,1
11659,1
11740,1
11796,1
11813,1
11836,1
11892,1
11918,1
11936,1
12077,1
12102,1
12113,1
12115,1
12134,1
12144,1
12225,1
12232,1
12276,1
12306,1
12323,1
12354,1
12370,1
12414,1
12428,1
12441,1
12462,1
12464,1
12694,1
12725,1
12729,1
12737,1
12813,1
12832,1
12870,1
12899,1
12931,1
12994,1
13081,1
13088,1
13127,1
13135,1
13168,1
13269,1
13299,1
13324,1
13476,1
13567,1
13669,1
13719,1
13837,1
13850,1
13875,1
13889,1
14092,1
14154,1
14156,1
14284,1
14296,1
14354,1
14371,1
14375,1
14380,1
14400,1
14402,1
14424,1
14450,1
14472,1
14480,1
14486,1
14489,1
14495,1
14496,1
14545,1
14568,1
14569,1
14584,1
14591,1
14614,1
14630,1
14632,1
14642,1
14650,1
14696,1
14700,1
14702,1
14708,1
14725,1
14727,1
14728,1
14734,1
14765,1
14768,1
14782,1
14784,1
14785,1
14786,1
14808,1
14852,1
14854,1
14860,1
14866,1
14867,1
14893,1
14894,1
14902,1
14909,1
14915,1
14916,1
14921,1
14924,1
14929,1
14934,1
14951,1
14978,1
14983,1
14988,1
15018,1
15019,1
15032,1
15039,1
15058,1
15065,1
15077,1
15090,1
15103,1
15108,1
15110,1
15111,1
15113,1
15144,1
15156,1
15221,1
15229,1
15238,1
15239,1
15279,1
15285,1
15294,1
15295,1
15297,1
15298,1
15303,1
15318,1
15322,1
15346,1
15347,1
15368,1
15381,1
15393,1
15405,1
15417,1
15418,1
15464,1
15470,1
15473,1
15474,1
15475,1
15478,1
15495,1
15513,1
15524,1
15525,1
15526,1
15541,1
15542,1
15543,1
15552,1
15592,1
15599,1
15600,1
15616,1
15637,1
15646,1
15655,1
15659,1
15661,1
15663,1
15672,1
15680,1
15683,1
15686,1
15687,1
15688,1
15699,1
15700,1
15715,1
15743,1
15744,1
15753,1
15754,1
15764,1
15780,1
15814,1
15815,1
15816,1
15827,1
15828,1
15856,1
15858,1
15862,1
15863,1
15871,1
15877,1
15878,1
15879,1
15887,1
15915,1
15919,1
15921,1
15927,1
15928,1
15937,1
15975,1
15976,1
15986,1
16006,1
16010,1
16011,1
16012,1
16019,1
16024,1
16032,1
16033,1
16035,1
16037,1
16043,1
16044,1
16045,1
16051,1
16052,1
16085,1
16094,1
16106,1
16123,1
16129,1
16136,1
16143,1
16145,1
16157,1
16158,1
16177,1
16184,1
16191,1
16195,1
16196,1
16197,1
16202,1
16213,1
16225,1
16229,1
16246,1
16247,1
16251,1
16257,1
16258,1
16261,1
16263,1
16271,1
16274,1
16283,1
16293,1
16294,1
16302,1
16307,1
16308,1
16316,1
16332,1
16333,1
16339,1
16348,1
16353,1
16354,1
16356,1
16371,1
16372,1
16375,1
16377,1
16378,1
16381,1
16392,1
16394,1
16398,1
16400,1
16401,1
16402,1
16419,1
16420,1
16421,1
16425,1
16432,1
16437,1
16448,1
16459,1
16474,1
16485,1
16489,1
16495,1
16506,1
16530,1
16547,1
16548,1
16550,1
16557,1
16562,1
16564,1
16574,1
16575,1
16580,1
16596,1
16597,1
16617,1
16628,1
16648,1
16651,1
16652,1
16654,1
16665,1
16668,1
16674,1
16675,1
16676,1
16677,1
16695,1
16701,1
16702,1
16703,1
16707,1
16708,1
16712,1
16719,1
16722,1
16735,1
16748,1
16750,1
16751,1
16752,1
16756,1
16759,1
16765,1
16771,1
16779,1
16780,1
16787,1
16788,1
16789,1
16794,1
16796,1
16798,1
16814,1
16834,1
16835,1
16840,1
16841,1
16852,1
16853,1
16856,1
16857,1
16861,1
16867,1
16869,1
16882,1
16884,1
16887,1
16894,1
16896,1
16902,1
16904,1
16928,1
16929,1
16936,1
16940,1
16945,1
16950,1
16951,1
16967,1
16975,1
16979,1
16983,1
17000,1
17005,1
17017,1
17025,1
17026,1
17034,1
17037,1
17051,1
17057,1
17059,1
17061,1
17067,1
17070,1
17081,1
17088,1
17098,1
17102,1
17126,1
17140,1
17154,1
17170,1
17177,1
17183,1
17185,1
17187,1
17199,1
17200,1
17202,1
17203,1
17216,1
17223,1
17241,1
17249,1
17261,1
17265,1
17268,1
17293,1
17301,1
17302,1
17307,1
17317,1
17384,1
17412,1
17434,1
17436,1
17486,1
17495,1
17525,1
17532,1
17541,1
17547,1
17559,1
17564,1
17573,1
17578,1
17580,1
17584,1
17585,1
17586,1
17614,1
17618,1
17624,1
17625,1
17627,1
17635,1
17651,1
17654,1
17663,1
17688,1
17691,1
17695,1
17696,1
17703,1
17785,1
17787,1
17788,1
17791,1
17793,1
17808,1
17809,1
17811,1
17817,1
17828,1
17829,1
17836,1
17849,1
17864,1
17870,1
17905,1
17911,1
17912,1
17920,1
17937,1
17944,1
17948,1
17956,1
17975,1
17978,1
17988,1
17996,1
18009,1
18010,1
18013,1
18016,1
18022,1
18024,1
18026,1
18039,1
18106,1
18115,1
18124,1
18203,1
18222,1
18280,1
18287,1
18297,1
18299,1
18312,1
18314,1
18324,1
18326,1
18361,1
18378,1
18381,1
18412,1
18432,1
18433,1
18434,1
18435,1
18436,1
18437,1
18438,1
18439,1
18440,1
18441,1
18442,1
18443,1
18444,1
18445,1
18446,1
18447,1
18448,1
18452,1
18493,1
18505,1
18512,1
18568,1
18570,1
18578,1
18593,1
18618,1
18622,1
18665,1
18670,1
18678,1
18716,1
18717,1
18718,1
18725,1
18764,1
18774,1
18775,1
18777,1
18855,1
18883,1
18922,1
18947,1
18950,1
19026,1
19029,1
19033,1
19039,1
19046,1
19048,1
19049,1
19063,1
19072,1
19084,1
19094,1
19101,1
19103,1
19139,1
19165,1
19169,1
19173,1
19181,1
19199,1
19233,1
19260,1
19353,1
19459,1
19465,1
19471,1
19492,1
19495,1
19496,1
19524,1
19530,1
19538,1
19542,1
19572,1
19574,1
19596,1
19602,1
19637,1
19648,1
19661,1
19728,1
19742,1
19744,1
19789,1
19790,1
19793,1
19794,1
19795,1
19796,1
19797,1
19815,1
19860,1
19879,1
19887,1
19937,1
19950,1
19954,1
19981,1
20008,1
20012,1
20026,1
20027,1
20029,1
20103,1
20125,1
20174,1
20178,1
20189,1
20194,1
20269,1
20278,1
20337,1
20351,1
20404,1
20416,1
20426,1
20448,1
20489,1
20493,1
20494,1
20496,1
20504,1
20547,1
20567,1
20753,1
20772,1
20833,1
20881,1
20948,1
21160,1
21213,1
21280,1
21368,1
21409,1
21470,1
21511,1
21675,1
21677,1
21682,1
21685,1
21746,1
21795,1
21799,1
21803,1
21857,1
21874,1
21951,1
22025,1
22036,1
22090,1
22103,1
22109,1
22155,1
22173,1
22174,1
22199,1
22257,1
22264,1
22312,1
22318,1
22349,1
22397,1
22424,1
22506,1
22541,1
22611,1
22630,1
22633,1
22647,1
22688,1
22719,1
22846,1
22847,1
22848,1
22849,1
22886,1
22942,1
22952,1
22960,1
23044,1
23045,1
23047,1
23089,1
23097,1
23110,1
23128,1
23194,1
23251,1
23264,1
23293,1
23362,1
23364,1
23365,1
23434,1
23435,1
23445,1
23454,1
23465,1
23474,1
23539,1
23549,1
23621,1
23626,1
23645,1
23687,1
23691,1
23710,1
23712,1
23732,1
23827,1
23902,1
23909,1
23976,1
24017,1
24029,1
24036,1
24064,1
24132,1
24145,1
24191,1
24263,1
24269,1
24285,1
24288,1
24347,1
24363,1
24364,1
24366,1
24374,1
24376,1
24385,1
24422,1
24494,1
24524,1
24526,1
24539,1
24578,1
24587,1
24641,1
24648,1
24666,1
24676,1
24684,1
24739,1
24801,1
24819,1
24834,1
24879,1
24891,1
24982,1
25004,1
25007,1
25075,1
25124,1
25174,1
25233,1
25236,1
25265,1
25300,1
25319,1
25320,1
25332,1
25344,1
25391,1
25419,1
25436,1
25478,1
25502,1
25546,1
25582,1
25640,1
25656,1
25714,1
25727,1
25809,1
25810,1
25857,1
25868,1
25879,1
25892,1
25936,1
25941,1
25944,1
25952,1
25996,1
26023,1
26025,1
26072,1
26090,1
26093,1
26189,1
26190,1
26203,1
26212,1
26219,1
26265,1
26268,1
26275,1
26303,1
26352,1
26359,1
26367,1
26380,1
26391,1
26398,1
26433,1
26437,1
26448,1
26454,1
26464,1
26470,1
26504,1
26516,1
26559,1
26570,1
26578,1
26605,1
26608,1
26614,1
26647,1
26658,1
26668,1
26720,1
26743,1
26747,1
26750,1
26762,1
26763,1
26766,1
26862,1
26868,1
26898,1
26909,1
26963,1
26964,1
26991,1
27005,1
27043,1
27049,1
27053,1
27057,1
27062,1
27066,1
27167,1
27172,1
27206,1
27212,1
27220,1
27230,1
27237,1
27253,1
27278,1
27291,1
27304,1
27322,1
27357,1
27358,1
27380,1
27390,1
27396,1
27446,1
27468,1
27538,1
27542,1
27592,1
27610,1
27621,1
27668,1
27691,1
27702,1
27785,1
27788,1
27793,1
27837,1
27931,1
27989,1
27993,1
28086,1
28102,1
28138,1
28140,1
28149,1
28164,1
28165,1
28237,1
28245,1
28246,1
28247,1
28293,1
28308,1
28331,1
28333,1
28335,1
28387,1
28400,1
28411,1
28428,1
28476,1
28491,1
28504,1
28515,1
28605,1
28843,1
28844,1
28845,1
28953,1
28956,1
29078,1
29084,1
29149,1
29186,1
29243,1
29253,1
29328,1
29333,1
29335,1
29338,1
29389,1
29415,1
29421,1
29429,1
29432,1
29434,1
29509,1
29575,1
29594,1
29623,1
29668,1
29684,1
29717,1
29720,1
29750,1
29768,1
29775,1
29793,1
29861,1
29888,1
30017,1
30126,1
30129,1
30223,1
30282,1
30287,1
30294,1
30362,1
30397,1
30426,1
30490,1
30570,1
30571,1
30573,1
30626,1
30646,1
30660,1
30667,1
30668,1
30675,1
30692,1
30789,1
30848,1
30860,1
30878,1
30983,1
31032,1
31033,1
31061,1
31178,1
31208,1
31271,1
31291,1
31350,1
31362,1
31365,1
31372,1
31373,1
31380,1
31440,1
31457,1
31826,1
31906,1
31907,1
31960,1
31984,1
32013,1
32160,1
32166,1
32275,1
32337,1
32341,1
32421,1
32440,1
32572,1
32638,1
32644,1
32725,1
32762,1
32770,1
32794,1
32816,1
32824,1
32826,1
32873,1
32877,1
32921,1
32945,1
33032,1
33049,1
33063,1
33135,1
33143,1
33220,1
33310,1
33330,1
33421,1
33432,1
33469,1
33519,1
33524,1
33590,1
33601,1
33680,1
33694,1
33695,1
33921,1
33931,1
33975,1
33991,1
33998,1
34003,1
34007,1
34089,1
34137,1
34157,1
34159,1
34181,1
34264,1
34269,1
34344,1
34372,1
34450,1
34522,1
34523,1
34580,1
34617,1
34631,1
34735,1
34758,1
34767,1
34874,1
35117,1
35176,1
35239,1
35267,1
35270,1
35322,1
35339,1
35381,1
35441,1
35451,1
35457,1
35546,1
35550,1
35551,1
35559,1
35571,1
35622,1
35694,1
35719,1
35800,1
35878,1
35937,1
35958,1
35968,1
35974,1
36041,1
36043,1
36055,1
36096,1
36111,1
36130,1
36173,1
36183,1
36185,1
36205,1
36209,1
36212,1
36220,1
36273,1
36327,1
36391,1
36397,1
36421,1
36447,1
36500,1
36532,1
36538,1
36553,1
36560,1
36660,1
36710,1
36713,1
36753,1
36815,1
36855,1
36898,1
36923,1
36930,1
36984,1
37016,1
37077,1
37094,1
37114,1
37167,1
37190,1
37207,1
37216,1
37268,1
37301,1
37359,1
37374,1
37375,1
37377,1
37385,1
37449,1
37461,1
37463,1
37532,1
37540,1
37605,1
37618,1
37630,1
37713,1
37781,1
37784,1
37813,1
37832,1
37914,1
37929,1
37930,1
37936,1
37942,1
37987,1
38068,1
38100,1
38129,1
38164,1
38197,1
38213,1
38268,1
38293,1
38302,1
38350,1
38382,1
38408,1
38483,1
38484,1
38499,1
38503,1
38581,1
38621,1
38634,1
38686,1
38707,1
38712,1
38741,1
38748,1
38749,1
38757,1
38765,1
38828,1
38840,1
38851,1
38855,1
38894,1
38958,1
38959,1
38972,1
39028,1
39050,1
39052,1
39089,1
39092,1
39137,1
39142,1
39147,1
39183,1
39255,1
39265,1
39351,1
39360,1
39385,1
39407,1
39533,1
39539,1
39553,1
39555,1
39585,1
39694,1
39697,1
39735,1
39743,1
39749,1
39796,1
39803,1
39866,1
39948,1
39955,1
39963,1
40032,1
40054,1
40060,1
40068,1
40074,1
40076,1
40077,1
40080,1
40137,1
40144,1
40175,1
40181,1
40242,1
40259,1
40285,1
40288,1
40376,1
40379,1
40384,1
40415,1
40498,1
40505,1
40517,1
40603,1
40627,1
40639,1
40655,1
40661,1
40745,1
40751,1
40766,1
40826,1
40851,1
40862,1
40874,1
40934,1
40954,1
40964,1
41040,1
41084,1
41137,1
41199,1
41201,1
41222,1
41228,1
41265,1
41337,1
41343,1
41344,1
41354,1
41355,1
41357,1
41360,1
41390,1
41443,1
41464,1
41514,1
41586,1
41603,1
41641,1
41652,1
41701,1
41716,1
41734,1
41737,1
41740,1
41744,1
41750,1
41792,1
41793,1
41894,1
41900,1
41905,1
41917,1
41927,1
41950,1
41998,1
42014,1
42084,1
42130,1
42131,1
42139,1
42210,1
42220,1
42233,1
42245,1
42260,1
42400,1
42505,1
42535,1
42541,1
42544,1
42593,1
42697,1
42724,1
42757,1
42759,1
42761,1
42819,1
42821,1
42834,1
42871,1
42872,1
42886,1
42895,1
42905,1
42910,1
42914,1
42986,1
42990,1
43106,1
43139,1
43152,1
43190,1
43197,1
43203,1
43231,1
43276,1
43296,1
43327,1
43398,1
43400,1
43418,1
43428,1
43494,1
43534,1
43536,1
43538,1
43553,1
43556,1
43560,1
43601,1
43649,1
43653,1
43727,1
43801,1
43825,1
43884,1
43912,1
44034,1
44046,1
44067,1
44079,1
44130,1
44167,1
44202,1
44276,1
44351,1
44408,1
44436,1
44448,1
44475,1
44529,1
44533,1
44565,1
44616,1
44632,1
44665,1
44841,1
44843,1
44947,1
44949,1
44970,1
45059,1
45096,1
45172,1
45182,1
45240,1
45352,1
45364,1
45369,1
45439,1
45711,1
45730,1
45763,1
45772,1
45835,1
45839,1
45874,1
45883,1
45944,1
45954,1
45995,1
46016,1
46063,1
46099,1
46101,1
46117,1
46118,1
46238,1
46339,1
46343,1
46358,1
46360,1
46383,1
46454,1
46479,1
46495,1
46505,1
46522,1
46581,1
46597,1
46616,1
46647,1
46693,1
46701,1
46717,1
46733,1
46749,1
46766,1
46769,1
46802,1
46819,1
46826,1
46848,1
46944,1
46963,1
46975,1
46976,1
47035,1
47047,1
47054,1
47115,1
47140,1
47153,1
47158,1
47168,1
47219,1
47243,1
47259,1
47267,1
47397,1
47407,1
47408,1
47475,1
47511,1
47564,1
47576,1
47671,1
47767,1
47779,1
47791,1
47800,1
47859,1
47907,1
47920,1
47925,1
47982,1
48000,1
48044,1
48083,1
48099,1
48136,1
48138,1
48140,1
48176,1
48204,1
48226,1
48349,1
48354,1
48356,1
48363,1
48415,1
48438,1
48461,1
48464,1
48468,1
48543,1
48556,1
48578,1
48597,1
48651,1
48652,1
48707,1
48723,1
48724,1
48777,1
48785,1
48824,1
48853,1
48857,1
48895,1
48961,1
49009,1
49049,1
49116,1
49122,1
49141,1
49144,1
49237,1
49264,1
49270,1
49286,1
49292,1
49294,1
49352,1
49365,1
49375,1
49381,1
49398,1
49476,1
49493,1
49501,1
49622,1
49654,1
49678,1
49685,1
49754,1
49806,1
49852,1
49877,1
49925,1
49963,1
49975,1
49989,1
49997,1
50007,1
50076,1
50102,1
50116,1
50135,1
50136,1
50152,1
50211,1
50239,1
50331,1
50337,1
50365,1
50415,1
50517,1
50535,1
50540,1
50586,1
50589,1
50642,1
50655,1
50660,1
50665,1
50778,1
50833,1
50844,1
50858,1
50950,1
51003,1
51072,1
51079,1
51091,1
51095,1
51121,1
51124,1
51139,1
51153,1
51191,1
51195,1
51217,1
51227,1
51261,1
51311,1
51322,1
51338,1
51346,1
51359,1
51373,1
51414,1
51431,1
51480,1
51554,1
51559,1
51562,1
51568,1
51594,1
51642,1
51651,1
51663,1
51683,1
51723,1
51768,1
51772,1
51781,1
51786,1
51801,1
51839,1
51873,1
51879,1
51895,1
51906,1
51923,1
51946,1
51949,1
51957,1
51993,1
52062,1
52114,1
52154,1
52252,1
52257,1
52316,1
52337,1
52389,1
52454,1
52464,1
52469,1
52474,1
52523,1
52534,1
52543,1
52551,1
52581,1
52624,1
52654,1
52656,1
52661,1
52699,1
52700,1
52702,1
52703,1
52771,1
52772,1
52779,1
52784,1
52813,1
52818,1
52819,1
52825,1
52830,1
52835,1
52917,1
52918,1
52931,1
52942,1
52946,1
52995,1
53015,1
53022,1
53023,1
53035,1
53048,1
53060,1
53073,1
53121,1
53157,1
53169,1
53252,1
53401,1
53409,1
53421,1
53423,1
53431,1
53489,1
53516,1
53521,1
53564,1
53633,1
53642,1
53649,1
53728,1
53735,1
53750,1
53779,1
53783,1
53789,1
53848,1
53875,1
53881,1
53901,1
53976,1
53996,1
53998,1
54079,1
54091,1
54112,1
54121,1
54192,1
54214,1
54225,1
54227,1
54292,1
54297,1
54303,1
54422,1
54461,1
54462,1
54491,1
54506,1
54578,1
54650,1
54655,1
54692,1
54693,1
54736,1
54786,1
54908,1
54936,1
55019,1
55044,1
55064,1
55071,1
55100,1
55146,1
55185,1
55192,1
55261,1
55273,1
55356,1
55360,1
55438,1
55495,1
55498,1
55522,1
55527,1
55530,1
55532,1
55535,1
55545,1
55618,1
55650,1
55736,1
55739,1
55770,1
55798,1
55800,1
55806,1
55840,1
55848,1
55863,1
55867,1
55893,1
55963,1
55979,1
55984,1
56011,1
56082,1
56105,1
56116,1
56142,1
56153,1
56200,1
56204,1
56214,1
56350,1
56392,1
56415,1
56416,1
56472,1
56475,1
56478,1
56482,1
56483,1
56501,1
56513,1
56599,1
56621,1
56624,1
56642,1
56644,1
56650,1
56697,1
56705,1
56719,1
56724,1
56727,1
56749,1
56752,1
56757,1
56812,1
56816,1
56851,1
56898,1
56968,1
56975,1
56990,1
57011,1
57081,1
57083,1
57090,1
57131,1
57157,1
57175,1
57224,1
57228,1
57239,1
57255,1
57291,1
57383,1
57416,1
57425,1
57472,1
57547,1
57598,1
57627,1
57650,1
57662,1
57664,1
57707,1
57715,1
57742,1
57753,1
57756,1
57774,1
57830,1
57845,1
57850,1
57937,1
57946,1
57979,1
57983,1
57990,1
57991,1
58016,1
58055,1
58086,1
58101,1
58103,1
58133,1
58140,1
58235,1
58239,1
58259,1
58347,1
58365,1
58384,1
58390,1
58399,1
58439,1
58448,1
58450,1
58454,1
58463,1
58587,1
58593,1
58645,1
58716,1
58769,1
58808,1
58876,1
58886,1
58944,1
58959,1
59009,1
59010,1
59012,1
59018,1
59019,1
59026,1
59074,1
59096,1
59105,1
59114,1
59119,1
59147,1
59186,1
59219,1
59220,1
59227,1
59234,1
59242,1
59337,1
59347,1
59348,1
59366,1
59434,1
59446,1
59450,1
59457,1
59467,1
59538,1
59567,1
59571,1
59572,1
59606,1
59676,1
59705,1
59711,1
59730,1
59781,1
59806,1
59843,1
59853,1
59859,1
59886,1
59891,1
59894,1
59929,1
60007,1
60065,1
60088,1
60096,1
60103,1
60104,1
60125,1
60127,1
60175,1
60176,1
60194,1
60206,1
60207,1
60228,1
60232,1
60236,1
60253,1
60260,1
60325,1
60326,1
60342,1
60354,1
60359,1
60366,1
60368,1
60415,1
60418,1
60480,1
60484,1
60544,1
60583,1
60652,1
60656,1
60689,1
60786,1
60787,1
60790,1
60792,1
60801,1
60813,1
60837,1
60864,1
60943,1
60948,1
60951,1
60977,1
60982,1
61038,1
61049,1
61055,1
61064,1
61165,1
61188,1
61199,1
61201,1
61210,1
61248,1
61252,1
61266,1
61316,1
61348,1
61434,1
61457,1
61579,1
61608,1
61617,1
61637,1
61688,1
61897,1
61913,1
61917,1
61941,1
61960,1
61970,1
62086,1
62098,1
62177,1
62181,1
62211,1
62217,1
62232,1
62353,1
62481,1
62593,1
62626,1
62647,1
62680,1
62739,1
62740,1
62747,1
62760,1
62800,1
62805,1
62830,1
62885,1
62893,1
62909,1
63035,1
63211,1
63221,1
63239,1
63250,1
63262,1
63340,1
63400,1
63467,1
63527,1
63543,1
63678,1
63763,1
63771,1
63773,1
63789,1
63791,1
63804,1
63811,1
63815,1
63866,1
63867,1
63898,1
63916,1
64048,1
64087,1
64146,1
64149,1
64205,1
64265,1
64291,1
64301,1
64355,1
64362,1
64363,1
64420,1
64427,1
64443,1
64468,1
64495,1
64524,1
64538,1
64542,1
64544,1
64617,1
64641,1
64642,1
64644,1
64646,1
64678,1
64688,1
64690,1
64691,1
64736,1
64751,1
64769,1
64789,1
64791,1
64808,1
64822,1
64875,1
64897,1
64899,1
64900,1
64921,1
64931,1
64945,1
65013,1
65029,1
65038,1
65041,1
65053,1
65121,1
65123,1
65125,1
65144,1
65150,1
65247,1
65293,1
65331,1
65333,1
65390,1
65406,1
65422,1
65435,1
65489,1
65521,1
65524,1
65590,1
65593,1
65619,1
65646,1
65647,1
65648,1
65746,1
65751,1
65816,1
65819,1
65824,1
65831,1
65832,1
65845,1
65860,1
65983,1
66019,1
66073,1
66074,1
66095,1
66154,1
66186,1
66197,1
66198,1
66204,1
66255,1
66401,1
66417,1
66422,1
66428,1
66442,1
66518,1
66531,1
66555,1
66617,1
66619,1
66693,1
66724,1
66775,1
66786,1
66858,1
66907,1
66981,1
67002,1
67096,1
67111,1
67117,1
67147,1
67153,1
67214,1
67242,1
67243,1
67244,1
67260,1
67276,1
67348,1
67349,1
67367,1
67371,1
67385,1
67417,1
67427,1
67591,1
67598,1
67601,1
67649,1
67720,1
67737,1
67822,1
67881,1
67882,1
67936,1
67941,1
67942,1
68004,1
68016,1
68017,1
68070,1
68078,1
68080,1
68098,1
68106,1
68179,1
68182,1
68186,1
68188,1
68209,1
68234,1
68288,1
68301,1
68305,1
68336,1
68345,1
68347,1
68364,1
68391,1
68471,1
68501,1
68509,1
68519,1
68521,1
68527,1
68561,1
68564,1
68591,1
68595,1
68608,1
68648,1
68660,1
68668,1
68722,1
68808,1
68809,1
68869,1
68955,1
68971,1
68972,1
69007,1
69028,1
69071,1
69082,1
69094,1
69101,1
69123,1
69129,1
69133,1
69163,1
69167,1
69183,1
69184,1
69188,1
69291,1
69331,1
69383,1
69385,1
69388,1
69432,1
69445,1
69485,1
69488,1
69501,1
69503,1
69520,1
69526,1
69545,1
69576,1
69778,1
69790,1
69801,1
69901,1
69904,1
69944,1
69949,1
69953,1
69987,1
69991,1
70080,1
70083,1
70173,1
70199,1
70287,1
70291,1
70300,1
70356,1
70378,1
70380,1
70406,1
70526,1
70610,1
70649,1
70668,1
70726,1
70727,1
70738,1
70753,1
70856,1
70871,1
70939,1
70998,1
70999,1
71031,1
71037,1
71155,1
71162,1
71173,1
71246,1
71248,1
71282,1
71288,1
71360,1
71369,1
71377,1
71423,1
71425,1
71429,1
71430,1
71480,1
71573,1
71587,1
71612,1
71663,1
71755,1
71804,1
71832,1
72002,1
72006,1
72050,1
72062,1
72078,1
72094,1
72127,1
72169,1
72255,1
72283,1
72312,1
72337,1
72380,1
72392,1
72399,1
72419,1
72501,1
72537,1
72548,1
72562,1
72604,1
72635,1
72636,1
72737,1
72806,1
72823,1
72827,1
72829,1
72831,1
72858,1
72865,1
72902,1
72940,1
73080,1
73085,1
73164,1
73196,1
73201,1
73207,1
73363,1
73370,1
73441,1
73465,1
73472,1
73526,1
73620,1
73675,1
73685,1
73694,1
73743,1
73744,1
73746,1
73755,1
73819,1
73835,1
73852,1
73857,1
73872,1
73876,1
73881,1
73901,1
73962,1
74005,1
74058,1
74085,1
74103,1
74151,1
74206,1
74275,1
74297,1
74325,1
74326,1
74401,1
74471,1
74479,1
74633,1
74638,1
74639,1
74647,1
74692,1
74709,1
74749,1
74755,1
74793,1
74808,1
74849,1
74931,1
75010,1
75049,1
75083,1
75136,1
75142,1
75158,1
75217,1
75262,1
75268,1
75330,1
75339,1
75348,1
75367,1
75422,1
75428,1
75452,1
75474,1
75565,1
75571,1
75611,1
75622,1
75637,1
75826,1
75840,1
75846,1
75961,1
76003,1
76055,1
76063,1
76085,1
76092,1
76098,1
76099,1
76212,1
76228,1
76275,1
76292,1
76312,1
76316,1
76393,1
76394,1
76398,1
76425,1
76432,1
76438,1
76560,1
76563,1
76593,1
76640,1
76652,1
76660,1
76672,1
76679,1
76729,1
76770,1
76833,1
76847,1
76923,1
76935,1
76970,1
77004,1
77032,1
77042,1
77078,1
77116,1
77141,1
77287,1
77289,1
77319,1
77326,1
77345,1
77347,1
77350,1
77374,1
77380,1
77446,1
77484,1
77520,1
77522,1
77533,1
77621,1
77734,1
77764,1
77812,1
77882,1
77885,1
77889,1
77898,1
77973,1
78006,1
78019,1
78052,1
78065,1
78091,1
78095,1
78105,1
78118,1
78132,1
78208,1
78263,1
78278,1
78292,1
78342,1
78360,1
78367,1
78445,1
78447,1
78497,1
78557,1
78567,1
78587,1
78628,1
78701,1
78706,1
78733,1
78755,1
78791,1
78795,1
78802,1
78879,1
78894,1
78918,1
78928,1
78958,1
79026,1
79040,1
79070,1
79081,1
79087,1
79115,1
79122,1
79140,1
79205,1
79271,1
79283,1
79483,1
79498,1
79519,1
79541,1
79542,1
79629,1
79648,1
79654,1
79677,1
79680,1
79799,1
79834,1
79850,1
79855,1
79871,1
79882,1
79950,1
79954,1
79964,1
79998,1
80021,1
80095,1
80305,1
80396,1
80500,1
80531,1
80562,1
80564,1
80650,1
80653,1
80656,1
80694,1
80722,1
80775,1
80777,1
80782,1
80795,1
80813,1
80819,1
80857,1
80927,1
80961,1
80979,1
81038,1
81052,1
81059,1
81086,1
81098,1
81208,1
81216,1
81227,1
81258,1
81259,1
81265,1
81266,1
81268,1
81278,1
81349,1
81376,1
81417,1
81418,1
81419,1
81518,1
81520,1
81550,1
81558,1
81562,1
81582,1
81638,1
81669,1
81673,1
81686,1
81693,1
81788,1
81856,1
81863,1
81922,1
81959,1
82067,1
82078,1
82080,1
82167,1
82183,1
82236,1
82241,1
82304,1
82306,1
82316,1
82351,1
82452,1
82453,1
82455,1
82488,1
82498,1
82504,1
82508,1
82514,1
82597,1
82603,1
82604,1
82628,1
82857,1
82869,1
83024,1
83026,1
83056,1
83090,1
83116,1
83152,1
83163,1
83197,1
83288,1
83289,1
83354,1
83430,1
83434,1
83587,1
83593,1
83618,1
83682,1
83787,1
83813,1
83815,1
83854,1
83904,1
83919,1
83927,1
84017,1
84052,1
84055,1
84074,1
84077,1
84096,1
84097,1
84110,1
84132,1
84163,1
84172,1
84208,1
84211,1
84220,1
84228,1
84266,1
84278,1
84300,1
84308,1
84342,1
84390,1
84397,1
84411,1
84467,1
84519,1
84533,1
84536,1
84562,1
84641,1
84647,1
84658,1
84673,1
84697,1
84756,1
84774,1
84795,1
84838,1
84897,1
84904,1
84955,1
84963,1
84986,1
85019,1
85049,1
85068,1
85153,1
85294,1
85309,1
85343,1
85403,1
85440,1
85447,1
85529,1
85652,1
85690,1
85735,1
85743,1
85831,1
85832,1
85847,1
85877,1
85883,1
85901,1
85909,1
85981,1
86004,1
86100,1
86131,1
86196,1
86223,1
86224,1
86240,1
86267,1
86271,1
86320,1
86396,1
86448,1
86478,1
86489,1
86494,1
86496,1
86608,1
86671,1
86694,1
86704,1
86747,1
86918,1
86932,1
87063,1
87077,1
87136,1
87141,1
87144,1
87159,1
87191,1
87200,1
87312,1
87339,1
87439,1
87444,1
87462,1
87553,1
87568,1
87641,1
87685,1
87708,1
87853,1
87858,1
87877,1
87894,1
87920,1
87976,1
87984,1
87987,1
88042,1
88053,1
88097,1
88101,1
88143,1
88158,1
88169,1
88170,1
88194,1
88246,1
88255,1
88262,1
88302,1
88375,1
88393,1
88416,1
88424,1
88505,1
88513,1
88562,1
88605,1
88608,1
88625,1
88658,1
88665,1
88709,1
88730,1
88741,1
88744,1
88748,1
88749,1
88750,1
88760,1
88767,1
88768,1
88809,1
88854,1
88855,1
88947,1
89013,1
89021,1
89033,1
89057,1
89072,1
89175,1
89215,1
89216,1
89220,1
89267,1
89281,1
89289,1
89345,1
89362,1
89384,1
89423,1
89426,1
89429,1
89441,1
89447,1
89453,1
89471,1
89496,1
89499,1
89533,1
89543,1
89549,1
89550,1
89554,1
89567,1
89605,1
89635,1
89652,1
89664,1
89670,1
89687,1
89766,1
89767,1
89768,1
89787,1
89871,1
89873,1
89885,1
89901,1
89921,1
89925,1
89938,1
89952,1
89977,1
89978,1
89993,1
90047,1
90064,1
90071,1
90072,1
90075,1
90101,1
90103,1
90154,1
90187,1
90190,1
90199,1
90202,1
90206,1
90210,1
90213,1
90220,1
90223,1
90260,1
90285,1
90309,1
90338,1
90344,1
90350,1
90353,1
90396,1
90397,1
90401,1
90426,1
90451,1
90458,1
90471,1
90482,1
90487,1
90534,1
90538,1
90609,1
90698,1
90727,1
90739,1
90745,1
90746,1
90812,1
90816,1
90842,1
90895,1
90920,1
90927,1
90928,1
90932,1
90968,1
91010,1
91022,1
91034,1
91044,1
91082,1
91253,1
91260,1
91319,1
91324,1
91345,1
91393,1
91400,1
91427,1
91449,1
91454,1
91467,1
91474,1
91564,1
91662,1
91677,1
91689,1
91699,1
91759,1
91765,1
91798,1
91801,1
91820,1
91841,1
91894,1
91897,1
91898,1
91908,1
91918,1
91921,1
91931,1
91953,1
91960,1
91971,1
91973,1
92002,1
92103,1
92126,1
92134,1
92165,1
92222,1
92236,1
92247,1
92277,1
92292,1
92298,1
92364,1
92365,1
92366,1
92374,1
92403,1
92413,1
92420,1
92424,1
92481,1
92482,1
92498,1
92506,1
92524,1
92637,1
92656,1
92710,1
92716,1
92733,1
92740,1
92752,1
92753,1
92780,1
92792,1
92798,1
92828,1
92832,1
92843,1
92897,1
92922,1
92924,1
92930,1
92977,1
93142,1
93155,1
93156,1
93253,1
93255,1
93275,1
93280,1
93292,1
93301,1
93302,1
93304,1
93321,1
93332,1
93352,1
93357,1
93395,1
93419,1
93426,1
93470,1
93512,1
93568,1
93631,1
93645,1
93646,1
93715,1
93740,1
93764,1
93777,1
93835,1
93875,1
93890,1
93910,1
93920,1
93929,1
93973,1
93990,1
94021,1
94029,1
94035,1
94142,1
94238,1
94241,1
94280,1
94282,1
94307,1
94310,1
94347,1
94399,1
94402,1
94403,1
94421,1
94425,1
94434,1
94453,1
94457,1
94460,1
94528,1
94577,1
94606,1
94688,1
94776,1
94815,1
94833,1
94835,1
94846,1
94862,1
94883,1
94924,1
94933,1
94937,1
94939,1
95001,1
95008,1
95014,1
95026,1
95043,1
95063,1
95106,1
95116,1
95167,1
95172,1
95235,1
95252,1
95275,1
95303,1
95328,1
95342,1
95345,1
95352,1
95386,1
95424,1
95428,1
95436,1
95462,1
95469,1
95489,1
95557,1
95567,1
95570,1
95590,1
95696,1
95700,1
95707,1
95716,1
95721,1
95729,1
95736,1
95738,1
95746,1
95806,1
95847,1
95867,1
95952,1
95974,1
96050,1
96055,1
96060,1
96073,1
96095,1
96170,1
96181,1
96325,1
96347,1
96351,1
96418,1
96491,1
96493,1
96518,1
96601,1
96642,1
96675,1
96704,1
96717,1
96774,1
96814,1
96815,1
96816,1
96823,1
96832,1
96866,1
96921,1
96922,1
96975,1
96989,1
97010,1
97017,1
97087,1
97107,1
97123,1
97131,1
97206,1
97234,1
97407,1
97514,1
97516,1
97533,1
97535,1
97553,1
97595,1
97598,1
97630,1
97656,1
97661,1
97675,1
97687,1
97691,1
97800,1
97803,1
97805,1
97810,1
97857,1
97863,1
97900,1
97901,1
97915,1
97926,1
97951,1
98046,1
98051,1
98092,1
98154,1
98191,1
98234,1
98304,1
98308,1
98309,1
98322,1
98327,1
98390,1
98431,1
98440,1
98445,1
98457,1
98462,1
98479,1
98544,1
98581,1
98588,1
98592,1
98689,1
98699,1
98736,1
98738,1
98740,1
98754,1
98777,1
98830,1
98909,1
98923,1
98925,1
98975,1
99027,1
99043,1
99108,1
99115,1
99117,1
99160,1
99162,1
99170,1
99178,1
99182,1
99187,1
99190,1
99194,1
99260,1
99266,1
99291,1
99293,1
99343,1
99355,1
99371,1
99385,1
99391,1
99457,1
99466,1
99488,1
99516,1
99557,1
99563,1
99583,1
99607,1
99663,1
99664,1
99788,1
99800,1
99871,1
99878,1
99922,1
99999,1
100004,1
100010,1
100045,1
100078,1
100082,1
100083,1
100137,1
100141,1
100189,1
100240,1
100245,1
100253,1
100258,1
100268,1
100354,1
100462,1
100475,1
100482,1
100506,1
100563,1
100653,1
100659,1
100722,1
100725,1
100740,1
100743,1
100760,1
100777,1
100787,1
100788,1
100795,1
100803,1
100815,1
100848,1
100994,1
101019,1
101024,1
101043,1
101083,1
101099,1
101103,1
101137,1
101159,1
101206,1
101237,1
101308,1
101312,1
101333,1
101375,1
101384,1
101393,1
101465,1
101471,1
101473,1
101482,1
101550,1
101569,1
101611,1
101658,1
101684,1
101790,1
101831,1
101835,1
101846,1
101946,1
101962,1
101980,1
102049,1
102055,1
102061,1
102119,1
102131,1
102205,1
102258,1
102308,1
102340,1
102342,1
102418,1
102473,1
102474,1
102509,1
102517,1
102546,1
102582,1
102621,1
102622,1
102651,1
102692,1
102765,1
102777,1
102779,1
102799,1
102802,1
102831,1
102906,1
102912,1
102984,1
103013,1
103022,1
103113,1
103126,1
103127,1
103134,1
103139,1
103163,1
103242,1
103317,1
103406,1
103453,1
103532,1
103543,1
103645,1
103660,1
103664,1
103780,1
103790,1
103842,1
103880,1
103922,1
103923,1
103936,1
103942,1
103955,1
103976,1
103982,1
103991,1
104031,1
104059,1
104093,1
104105,1
104122,1
104132,1
104138,1
104142,1
104185,1
104188,1
104307,1
104323,1
104337,1
104475,1
104524,1
104526,1
104580,1
104591,1
104624,1
104637,1
104650,1
104748,1
104752,1
104802,1
104809,1
104815,1
104842,1
104857,1
104879,1
104896,1
104928,1
104964,1
105007,1
105066,1
105111,1
105113,1
105153,1
105171,1
105172,1
105217,1
105292,1
105343,1
105417,1
105444,1
105596,1
105633,1
105637,1
105686,1
105699,1
105855,1
105863,1
105877,1
105931,1
106191,1
106280,1
106321,1
106360,1
106448,1
106495,1
106502,1
106558,1
106561,1
106582,1
106601,1
106615,1
106619,1
106702,1
106715,1
106817,1
106895,1
106916,1
106981,1
107040,1
107056,1
107060,1
107186,1
107193,1
107216,1
107266,1
107359,1
107424,1
107437,1
107452,1
107459,1
107501,1
107506,1
107604,1
107671,1
107800,1
107877,1
107893,1
107936,1
107938,1
108014,1
108022,1
108037,1
108128,1
108150,1
108171,1
108193,1
108206,1
108255,1
108277,1
108328,1
108378,1
108381,1
108382,1
108392,1
108400,1
108427,1
108431,1
108454,1
108455,1
108523,1
108544,1
108549,1
108561,1
108582,1
108604,1
108609,1
108664,1
108704,1
108919,1
108978,1
109026,1
109031,1
109111,1
109151,1
109159,1
109165,1
109179,1
109192,1
109209,1
109217,1
109317,1
109379,1
109388,1
109443,1
109640,1
109705,1
109711,1
109733,1
109778,1
109791,1
109793,1
109910,1
109912,1
109936,1
109950,1
110048,1
110147,1
110242,1
110291,1
110296,1
110309,1
110355,1
110413,1
110428,1
110462,1
110537,1
110551,1
110641,1
110647,1
110650,1
110657,1
110672,1
110802,1
110901,1
111025,1
111066,1
111271,1
111315,1
111360,1
111449,1
111660,1
111669,1
111693,1
111708,1
111744,1
111881,1
112019,1
112024,1
112124,1
112158,1
112176,1
112178,1
112182,1
112191,1
112211,1
112246,1
112248,1
112299,1
112307,1
112350,1
112357,1
112358,1
112361,1
112364,1
112367,1
112415,1
112426,1
112463,1
112519,1
112522,1
112562,1
112566,1
112606,1
112643,1
112722,1
112762,1
112770,1
112787,1
112808,1
112929,1
112981,1
112985,1
113049,1
113061,1
113114,1
113202,1
113263,1
113334,1
113416,1
113437,1
113476,1
113482,1
113490,1
113504,1
113548,1
113549,1
113570,1
113586,1
113625,1
113627,1
113660,1
113699,1
113700,1
113744,1
113781,1
113833,1
113834,1
113877,1
113884,1
113906,1
113920,1
113933,1
113980,1
114041,1
114164,1
114183,1
114201,1
114245,1
114267,1
114270,1
114322,1
114359,1
114376,1
114491,1
114562,1
114626,1
114658,1
114707,1
114730,1
114773,1
114845,1
114859,1
114896,1
114899,1
114974,1
115000,1
115009,1
115012,1
115049,1
115091,1
115114,1
115116,1
115119,1
115138,1
115155,1
115265,1
115289,1
115331,1
115388,1
115426,1
115457,1
115536,1
115552,1
115554,1
115602,1
115615,1
115681,1
115721,1
115843,1
115863,1
115924,1
115926,1
115942,1
115945,1
115947,1
115961,1
116052,1
116135,1
116258,1
116365,1
116387,1
116479,1
116502,1
116542,1
116554,1
116615,1
116675,1
116736,1
116755,1
116769,1
116800,1
116868,1
117033,1
117050,1
117091,1
117119,1
117145,1
117200,1
117236,1
117237,1
117238,1
117246,1
117256,1
117257,1
117266,1
117333,1
117336,1
117340,1
117357,1
117393,1
117394,1
117536,1
117541,1
117607,1
117667,1
117676,1
117679,1
117682,1
117690,1
117702,1
117711,1
117731,1
117754,1
117818,1
117819,1
117820,1
117821,1
117825,1
117827,1
117835,1
117846,1
117889,1
117903,1
117917,1
117937,1
117979,1
117990,1
118034,1
118051,1
118062,1
118094,1
118095,1
118096,1
118121,1
118133,1
118137,1
118161,1
118173,1
118180,1
118191,1
118192,1
118238,1
118241,1
118242,1
118307,1
118369,1
118452,1
118532,1
118581,1
118651,1
118726,1
118728,1
118798,1
118873,1
118948,1
118962,1
119046,1
119049,1
119058,1
119091,1
119126,1
119129,1
119137,1
119243,1
119246,1
119256,1
119275,1
119301,1
119303,1
119315,1
119414,1
119422,1
119547,1
119552,1
119553,1
119592,1
119606,1
119729,1
119760,1
119774,1
119851,1
119916,1
119992,1
119999,1
120001,1
120026,1
120030,1
120036,1
120155,1
120197,1
120260,1
120282,1
120354,1
120419,1
120426,1
120459,1
120461,1
120492,1
120496,1
120563,1
120588,1
120589,1
120593,1
120739,1
120750,1
120752,1
120758,1
120807,1
120808,1
120809,1
120818,1
120894,1
120948,1
121020,1
121196,1
121261,1
121267,1
121274,1
121293,1
121342,1
121356,1
121419,1
121435,1
121437,1
121480,1
121505,1
121541,1
121545,1
121618,1
121714,1
121873,1
121928,1
121945,1
121946,1
121963,1
122027,1
122075,1
122110,1
122188,1
122194,1
122211,1
122221,1
122387,1
122409,1
122411,1
122498,1
122501,1
122550,1
122616,1
122675,1
122687,1
122753,1
122771,1
122775,1
122792,1
122817,1
122924,1
122928,1
122972,1
123093,1
123207,1
123214,1
123218,1
123233,1
123240,1
123243,1
123264,1
123353,1
123396,1
123483,1
123494,1
123504,1
123511,1
123610,1
123621,1
123627,1
123663,1
123674,1
123749,1
123763,1
123773,1
123963,1
124031,1
124043,1
124046,1
124054,1
124074,1
124101,1
124197,1
124215,1
124228,1
124309,1
124343,1
124385,1
124500,1
124513,1
124533,1
124534,1
124628,1
124659,1
124661,1
124663,1
124669,1
124686,1
124749,1
124755,1
124766,1
124799,1
124810,1
124912,1
124927,1
125004,1
125008,1
125049,1
125055,1
125126,1
125175,1
125208,1
125284,1
125327,1
125382,1
125468,1
125487,1
125490,1
125508,1
125515,1
125516,1
125525,1
125598,1
125603,1
125722,1
125735,1
125771,1
125796,1
125807,1
125835,1
125857,1
125871,1
125893,1
125923,1
125959,1
125967,1
125991,1
125993,1
125994,1
125995,1
126015,1
126023,1
126034,1
126039,1
126047,1
126061,1
126071,1
126097,1
126120,1
126237,1
126259,1
126309,1
126353,1
126360,1
126381,1
126447,1
126456,1
126485,1
126518,1
126650,1
126702,1
126734,1
126805,1
126810,1
126833,1
126849,1
126867,1
126945,1
126960,1
126982,1
126983,1
127047,1
127051,1
127060,1
127066,1
127072,1
127073,1
127086,1
127092,1
127097,1
127104,1
127119,1
127125,1
127130,1
127132,1
127147,1
127207,1
127208,1
127360,1
127395,1
127396,1
127474,1
127513,1
127641,1
127644,1
127646,1
127699,1
127754,1
127758,1
127800,1
127826,1
127837,1
127838,1
127854,1
127861,1
127879,1
127926,1
127941,1
127952,1
127969,1
127975,1
128000,1
128001,1
128012,1
128057,1
128060,1
128070,1
128189,1
128204,1
128224,1
128249,1
128252,1
128253,1
128262,1
128338,1
128383,1
128449,1
128470,1
128483,1
128641,1
128676,1
128702,1
128784,1
128799,1
128800,1
128808,1
128820,1
128825,1
128852,1
128930,1
128971,1
129001,1
129049,1
129050,1
129052,1
129060,1
129082,1
129122,1
129124,1
129144,1
129238,1
129332,1
129386,1
129393,1
129484,1
129497,1
129504,1
129541,1
129635,1
129685,1
129728,1
129729,1
129732,1
129781,1
129806,1
129880,1
129882,1
129891,1
129908,1
129935,1
129998,1
130007,1
130016,1
130025,1
130028,1
130029,1
130034,1
130044,1
130048,1
130054,1
130071,1
130072,1
130075,1
130082,1
130136,1
130150,1
130159,1
130212,1
130216,1
130285,1
130287,1
130290,1
130300,1
130321,1
130366,1
130415,1
130457,1
130465,1
130475,1
130571,1
130586,1
130633,1
130667,1
130708,1
130714,1
130718,1
130822,1
130874,1
130923,1
131027,1
131046,1
131053,1
131060,1
131082,1
131084,1
131149,1
131150,1
131154,1
131184,1
131230,1
131236,1
131273,1
131296,1
131320,1
131338,1
131386,1
131448,1
131463,1
131498,1
131554,1
131571,1
131581,1
131582,1
131608,1
131676,1
131680,1
131694,1
131701,1
131747,1
131816,1
131827,1
131837,1
131864,1
131949,1
131966,1
131976,1
131979,1
131989,1
131990,1
132001,1
132002,1
132225,1
132260,1
132272,1
132273,1
132283,1
132295,1
132297,1
132347,1
132364,1
132377,1
132392,1
132399,1
132408,1
132428,1
132433,1
132479,1
132481,1
132588,1
132694,1
132743,1
132842,1
132850,1
132860,1
132912,1
133005,1
133027,1
133034,1
133072,1
133297,1
133310,1
133317,1
133319,1
133328,1
133388,1
133427,1
133450,1
133455,1
133457,1
133488,1
133489,1
133490,1
133497,1
133501,1
133514,1
133516,1
133522,1
133525,1
133534,1
133535,1
133552,1
133565,1
133620,1
133648,1
133754,1
133755,1
133792,1
133793,1
133794,1
133876,1
133913,1
133931,1
134012,1
134023,1
134103,1
134124,1
134143,1
134148,1
134218,1
134281,1
134308,1
134382,1
134434,1
134471,1
134474,1
134483,1
134547,1
134608,1
134632,1
134674,1
134682,1
134684,1
134775,1
134776,1
134781,1
134795,1
134807,1
134822,1
134893,1
134988,1
134998,1
135029,1
135117,1
135188,1
135261,1
135275,1
135417,1
135453,1
135511,1
135574,1
135644,1
135646,1
135709,1
135814,1
135875,1
135912,1
135941,1
136054,1
136072,1
136134,1
136153,1
136200,1
136308,1
136374,1
136389,1
136400,1
136404,1
136490,1
136491,1
136498,1
136513,1
136523,1
136543,1
136562,1
136620,1
136644,1
136695,1
136697,1
136814,1
136832,1
136834,1
136857,1
136863,1
136875,1
136943,1
137074,1
137200,1
137312,1
137322,1
137354,1
137435,1
137439,1
137440,1
137451,1
137455,1
137461,1
137468,1
137476,1
137477,1
137481,1
137510,1
137514,1
137586,1
137588,1
137589,1
137594,1
137634,1
137635,1
137665,1
137858,1
137905,1
137914,1
137979,1
138001,1
138016,1
138020,1
138130,1
138240,1
138243,1
138261,1
138282,1
138285,1
138425,1
138477,1
138481,1
138523,1
138529,1
138543,1
138565,1
138594,1
138606,1
138611,1
138621,1
138623,1
138630,1
138635,1
138641,1
138644,1
138657,1
138665,1
138743,1
138790,1
138895,1
138901,1
138916,1
138953,1
138969,1
139062,1
139074,1
139086,1
139087,1
139107,1
139127,1
139197,1
139207,1
139216,1
139276,1
139430,1
139515,1
139539,1
139557,1
139580,1
139711,1
139712,1
139794,1
139799,1
139801,1
139814,1
139817,1
139818,1
139822,1
139848,1
139857,1
139864,1
139868,1
139939,1
139962,1
139968,1
139977,1
139982,1
139983,1
140012,1
140073,1
140077,1
140137,1
140174,1
140229,1
140253,1
140272,1
140279,1
140284,1
140300,1
140309,1
140376,1
140388,1
140394,1
140412,1
140430,1
140515,1
140572,1
140576,1
140630,1
140634,1
140646,1
140662,1
140697,1
140703,1
140752,1
140773,1
140777,1
140781,1
140794,1
140833,1
140850,1
140856,1
140969,1
140991,1
141083,1
141089,1
141141,1
141164,1
141171,1
141180,1
141185,1
141271,1
141286,1
141314,1
141346,1
141406,1
141415,1
141483,1
141539,1
141675,1
141693,1
141758,1
141802,1
141809,1
141811,1
141830,1
141919,1
141928,1
141933,1
141934,1
141935,1
141945,1
141984,1
141989,1
142089,1
142120,1
142138,1
142150,1
142224,1
142243,1
142280,1
142414,1
142426,1
142455,1
142472,1
142526,1
142528,1
142544,1
142553,1
142588,1
142593,1
142603,1
142674,1
142688,1
142700,1
142704,1
142786,1
142814,1
142828,1
142834,1
142841,1
142860,1
142919,1
142920,1
142923,1
142936,1
142950,1
142964,1
142998,1
143014,1
143018,1
143066,1
143126,1
143136,1
143169,1
143247,1
143263,1
143265,1
143279,1
143306,1
143311,1
143383,1
143384,1
143431,1
143462,1
143474,1
143541,1
143554,1
143561,1
143568,1
143583,1
143587,1
143592,1
143611,1
143690,1
143711,1
143714,1
143722,1
143729,1
143752,1
143801,1
143807,1
143851,1
143995,1
143997,1
144008,1
144015,1
144030,1
144038,1
144041,1
144089,1
144108,1
144111,1
144113,1
144123,1
144131,1
144143,1
144146,1
144147,1
144163,1
144170,1
144239,1
144246,1
144272,1
144301,1
144322,1
144326,1
144333,1
144340,1
144397,1
144421,1
144426,1
144453,1
144469,1
144476,1
144584,1
144646,1
144703,1
144712,1
144713,1
144744,1
144786,1
144951,1
145024,1
145076,1
145085,1
145087,1
145220,1
145224,1
145236,1
145238,1
145338,1
145354,1
145368,1
145385,1
145489,1
145492,1
145518,1
145556,1
145638,1
145650,1
145674,1
145681,1
145770,1
145804,1
145814,1
145903,1
145916,1
145973,1
146011,1
146062,1
146065,1
146068,1
146105,1
146203,1
146206,1
146212,1
146221,1
146223,1
146245,1
146251,1
146264,1
146311,1
146313,1
146318,1
146324,1
146335,1
146342,1
146356,1
146384,1
146420,1
146426,1
146454,1
146457,1
146471,1
146479,1
146494,1
146500,1
146511,1
146583,1
146587,1
146590,1
146597,1
146598,1
146608,1
146609,1
146613,1
146655,1
146664,1
146706,1
146726,1
146727,1
146739,1
146740,1
146743,1
146749,1
146760,1
146774,1
146776,1
146794,1
146811,1
146817,1
146818,1
146819,1
146822,1
146887,1
146891,1
146892,1
146916,1
146933,1
146960,1
146966,1
146989,1
147006,1
147012,1
147149,1
147151,1
147213,1
147222,1
147259,1
147271,1
147280,1
147325,1
147362,1
147380,1
147390,1
147490,1
147522,1
147651,1
147656,1
147797,1
147837,1
147882,1
147883,1
147897,1
147923,1
147924,1
147980,1
147987,1
148019,1
148020,1
148026,1
148103,1
148129,1
148167,1
148170,1
148195,1
148291,1
148332,1
148383,1
148491,1
148573,1
148610,1
148637,1
148705,1
148714,1
148739,1
148809,1
148832,1
148867,1
148930,1
148936,1
148940,1
148944,1
148951,1
148955,1
148962,1
149034,1
149035,1
149043,1
149087,1
149190,1
149251,1
149300,1
149353,1
149373,1
149378,1
149384,1
149397,1
149519,1
149542,1
149631,1
149632,1
149652,1
149681,1
149733,1
149789,1
149796,1
149816,1
149822,1
149880,1
149902,1
149926,1
150010,1
150025,1
150060,1
150147,1
150151,1
150154,1
150167,1
150178,1
150182,1
150187,1
150192,1
150222,1
150280,1
150299,1
150316,1
150321,1
150405,1
150454,1
150480,1
150487,1
150514,1
150515,1
150522,1
150598,1
150627,1
150633,1
150638,1
150651,1
150654,1
150709,1
150710,1
150718,1
150719,1
150725,1
150726,1
150754,1
150758,1
150776,1
150799,1
150848,1
150922,1
150945,1
151000,1
151019,1
151070,1
151072,1
151075,1
151170,1
151202,1
151242,1
151295,1
151366,1
151422,1
151451,1
151574,1
151584,1
151665,1
151685,1
151701,1
151731,1
151732,1
151813,1
151815,1
151818,1
151863,1
151867,1
151884,1
151889,1
151936,1
151957,1
151958,1
151978,1
151993,1
152076,1
152085,1
152138,1
152144,1
152225,1
152248,1
152288,1
152316,1
152412,1
152437,1
152457,1
152481,1
152570,1
152706,1
152749,1
152846,1
152858,1
152866,1
152874,1
152894,1
152904,1
152945,1
152949,1
152984,1
153010,1
153014,1
153069,1
153075,1
153077,1
153090,1
153117,1
153134,1
153178,1
153183,1
153195,1
153329,1
153343,1
153361,1
153363,1
153400,1
153403,1
153434,1
153453,1
153475,1
153486,1
153538,1
153577,1
153583,1
153620,1
153621,1
153683,1
153684,1
153727,1
153781,1
153783,1
153785,1
153787,1
153813,1
153824,1
153839,1
153882,1
153909,1
153918,1
153922,1
153935,1
153964,1
153977,1
154016,1
154019,1
154234,1
154348,1
154393,1
154464,1
154603,1
154612,1
154669,1
154689,1
154772,1
154790,1
154881,1
155020,1
155202,1
155278,1
155284,1
155288,1
155323,1
155388,1
155395,1
155440,1
155494,1
155498,1
155545,1
155565,1
155567,1
155607,1
155683,1
155714,1
155743,1
155749,1
155770,1
155805,1
155824,1
155841,1
156062,1
156136,1
156139,1
156158,1
156165,1
156180,1
156301,1
156322,1
156324,1
156326,1
156427,1
156453,1
156491,1
156496,1
156555,1
156578,1
156597,1
156616,1
156655,1
156688,1
156701,1
156702,1
156727,1
156777,1
156781,1
156803,1
156854,1
156901,1
156906,1
156925,1
157011,1
157034,1
157074,1
157093,1
157137,1
157264,1
157282,1
157428,1
157432,1
157447,1
157464,1
157500,1
157516,1
157531,1
157565,1
157591,1
157629,1
157691,1
157769,1
157845,1
157869,1
157917,1
157927,1
157991,1
158037,1
158098,1
158115,1
158217,1
158227,1
158301,1
158376,1
158429,1
158504,1
158509,1
158513,1
158666,1
158726,1
158778,1
158815,1
158883,1
158889,1
158903,1
158917,1
158924,1
159077,1
159095,1
159138,1
159351,1
159354,1
159388,1
159419,1
80,0
163,0
233,0
260,0
268,0
271,0
276,0
302,0
317,0
346,0
352,0
394,0
398,0
407,0
440,0
447,0
450,0
458,0
493,0
497,0
509,0
590,0
603,0
619,0
789,0
801,0
810,0
845,0
903,0
906,0
947,0
950,0
954,0
962,0
987,0
993,0
1029,0
1072,0
1083,0
1100,0
1134,0
1187,0
1293,0
1311,0
1322,0
1352,0
1354,0
1405,0
1407,0
1445,0
1544,0
1546,0
1559,0
1634,0
1654,0
1693,0
1715,0
1780,0
1864,0
1923,0
1942,0
1970,0
1980,0
2037,0
2054,0
2159,0
2220,0
2225,0
2232,0
2253,0
2267,0
2311,0
2324,0
2352,0
2360,0
2433,0
2440,0
2462,0
2492,0
2589,0
2599,0
2632,0
2655,0
2678,0
2715,0
2726,0
2818,0
2868,0
2880,0
2914,0
2983,0
2988,0
3011,0
3051,0
3078,0
3134,0
3293,0
3334,0
3354,0
3369,0
3374,0
3375,0
3379,0
3383,0
3427,0
3441,0
3450,0
3451,0
3463,0
3468,0
3551,0
3595,0
3611,0
3621,0
3680,0
3695,0
3714,0
3716,0
3739,0
3743,0
3880,0
3961,0
4025,0
4027,0
4088,0
4104,0
4156,0
4164,0
4196,0
4218,0
4231,0
4253,0
4273,0
4290,0
4300,0
4308,0
4350,0
4356,0
4376,0
4399,0
4416,0
4424,0
4426,0
4445,0
4447,0
4549,0
4588,0
4652,0
4667,0
4719,0
4751,0
4752,0
4770,0
4779,0
4865,0
4870,0
4918,0
5042,0
5057,0
5090,0
5092,0
5094,0
5098,0
5112,0
5137,0
5186,0
5203,0
5257,0
5267,0
5270,0
5295,0
5307,0
5315,0
5331,0
5387,0
5406,0
5449,0
5472,0
5522,0
5600,0
5623,0
5626,0
5652,0
5667,0
5670,0
5694,0
5725,0
5756,0
5794,0
5815,0
5847,0
5851,0
5878,0
5939,0
5961,0
6002,0
6008,0
6026,0
6040,0
6057,0
6090,0
6114,0
6132,0
6173,0
6245,0
6258,0
6292,0
6324,0
6352,0
6354,0
6383,0
6397,0
6402,0
6407,0
6414,0
6491,0
6499,0
6529,0
6574,0
6606,0
6626,0
6633,0
6659,0
6715,0
6722,0
6736,0
6771,0
6803,0
6837,0
6843,0
6846,0
6850,0
6858,0
6881,0
6888,0
6895,0
6929,0
6934,0
6959,0
6982,0
6990,0
7011,0
7037,0
7045,0
7078,0
7123,0
7134,0
7143,0
7205,0
7226,0
7259,0
7284,0
7293,0
7303,0
7323,0
7325,0
7388,0
7463,0
7475,0
7496,0
7502,0
7519,0
7579,0
7621,0
7686,0
7708,0
7774,0
7790,0
7814,0
7819,0
7844,0
7894,0
7898,0
7901,0
7918,0
7940,0
7974,0
7983,0
8015,0
8104,0
8113,0
8121,0
8135,0
8160,0
8191,0
8211,0
8223,0
8246,0
8248,0
8275,0
8304,0
8306,0
8323,0
8331,0
8347,0
8387,0
8401,0
8415,0
8427,0
8436,0
8446,0
8480,0
8485,0
8525,0
8548,0
8559,0
8590,0
8622,0
8631,0
8690,0
8704,0
8715,0
8738,0
8757,0
8759,0
8839,0
8871,0
8894,0
8914,0
8960,0
8968,0
8976,0
8994,0
9045,0
9060,0
9068,0
9100,0
9203,0
9207,0
9281,0
9294,0
9301,0
9310,0
9356,0
9381,0
9382,0
9409,0
9419,0
9491,0
9538,0
9557,0
9565,0
9567,0
9636,0
9705,0
9706,0
9764,0
9814,0
9816,0
9926,0
9933,0
9950,0
9971,0
9981,0
10051,0
10129,0
10175,0
10194,0
10209,0
10210,0
10224,0
10233,0
10248,0
10337,0
10427,0
10429,0
10437,0
10439,0
10510,0
10550,0
10572,0
10598,0
10669,0
10675,0
10683,0
10712,0
10748,0
10836,0
10859,0
10876,0
10903,0
10944,0
10947,0
10955,0
10960,0
10972,0
10975,0
10990,0
11098,0
11141,0
11166,0
11168,0
11184,0
11187,0
11207,0
11209,0
11255,0
11304,0
11320,0
11327,0
11346,0
11467,0
11471,0
11531,0
11532,0
11543,0
11586,0
11680,0
11686,0
11691,0
11764,0
11806,0
11807,0
11824,0
11854,0
11897,0
11901,0
11903,0
11924,0
12014,0
12083,0
12100,0
12164,0
12180,0
12196,0
12379,0
12380,0
12392,0
12412,0
12423,0
12448,0
12485,0
12566,0
12572,0
12724,0
12743,0
12767,0
12801,0
12837,0
12841,0
12879,0
12883,0
12924,0
12957,0
13040,0
13124,0
13137,0
13181,0
13239,0
13242,0
13245,0
13270,0
13307,0
13343,0
13367,0
13524,0
13550,0
13559,0
13569,0
13641,0
13801,0
13926,0
13955,0
13958,0
14031,0
14039,0
14053,0
14088,0
14100,0
14110,0
14146,0
14149,0
14161,0
14187,0
14202,0
14274,0
14281,0
14288,0
14322,0
14360,0
14403,0
14453,0
14481,0
14506,0
14535,0
14583,0
14686,0
14687,0
14703,0
14720,0
14807,0
14901,0
14911,0
14914,0
14996,0
15012,0
15013,0
15135,0
15153,0
15165,0
15171,0
15174,0
15231,0
15235,0
15353,0
15358,0
15379,0
15383,0
15465,0
15480,0
15489,0
15538,0
15539,0
15550,0
15557,0
15561,0
15598,0
15639,0
15645,0
15681,0
15697,0
15712,0
15781,0
15836,0
15902,0
15941,0
15979,0
15982,0
15985,0
16047,0
16071,0
16081,0
16086,0
16097,0
16098,0
16131,0
16215,0
16218,0
16266,0
16277,0
16399,0
16423,0
16435,0
16471,0
16473,0
16503,0
16536,0
16604,0
16612,0
16623,0
16686,0
16691,0
16713,0
16737,0
16747,0
16768,0
16790,0
16817,0
16926,0
16978,0
17043,0
17144,0
17147,0
17148,0
17165,0
17168,0
17175,0
17271,0
17275,0
17396,0
17429,0
17445,0
17446,0
17451,0
17454,0
17468,0
17479,0
17487,0
17520,0
17542,0
17598,0
17604,0
17616,0
17661,0
17662,0
17682,0
17733,0
17768,0
17778,0
17823,0
17832,0
17851,0
17857,0
17900,0
17910,0
17916,0
17930,0
17985,0
18005,0
18028,0
18062,0
18081,0
18100,0
18194,0
18225,0
18313,0
18372,0
18375,0
18396,0
18398,0
18429,0
18458,0
18538,0
18561,0
18563,0
18586,0
18603,0
18615,0
18637,0
18649,0
18651,0
18664,0
18704,0
18748,0
18760,0
18773,0
18888,0
18893,0
18940,0
18941,0
18945,0
19040,0
19092,0
19106,0
19113,0
19137,0
19143,0
19171,0
19185,0
19193,0
19202,0
19214,0
19241,0
19342,0
19358,0
19383,0
19411,0
19453,0
19489,0
19581,0
19616,0
19649,0
19739,0
19783,0
19785,0
19890,0
19900,0
19935,0
19966,0
20009,0
20105,0
20117,0
20119,0
20128,0
20179,0
20184,0
20188,0
20196,0
20216,0
20260,0
20293,0
20312,0
20340,0
20414,0
20476,0
20520,0
20530,0
20535,0
20545,0
20585,0
20605,0
20615,0
20629,0
20761,0
20821,0
20822,0
20849,0
20856,0
20887,0
20916,0
21002,0
21041,0
21073,0
21089,0
21206,0
21278,0
21281,0
21305,0
21330,0
21371,0
21384,0
21406,0
21417,0
21510,0
21521,0
21528,0
21540,0
21555,0
21579,0
21592,0
21602,0
21632,0
21635,0
21636,0
21671,0
21680,0
21721,0
21740,0
21792,0
21812,0
21870,0
21894,0
21930,0
21944,0
22029,0
22138,0
22162,0
22184,0
22214,0
22244,0
22280,0
22391,0
22448,0
22458,0
22462,0
22469,0
22495,0
22503,0
22554,0
22559,0
22600,0
22606,0
22681,0
22762,0
22766,0
22790,0
22797,0
22820,0
22826,0
22907,0
22937,0
22947,0
22994,0
23009,0
23100,0
23114,0
23285,0
23292,0
23376,0
23384,0
23387,0
23413,0
23418,0
23488,0
23503,0
23513,0
23516,0
23562,0
23570,0
23594,0
23617,0
23666,0
23735,0
23753,0
23760,0
23783,0
23793,0
23849,0
23905,0
23912,0
23930,0
23940,0
23946,0
23963,0
24025,0
24053,0
24085,0
24133,0
24143,0
24318,0
24355,0
24370,0
24380,0
24432,0
24437,0
24440,0
24446,0
24514,0
24523,0
24528,0
24548,0
24566,0
24570,0
24601,0
24677,0
24689,0
24694,0
24715,0
24745,0
24770,0
24779,0
24808,0
24827,0
24846,0
24857,0
24909,0
24983,0
24992,0
24998,0
25045,0
25081,0
25091,0
25096,0
25103,0
25131,0
25146,0
25148,0
25200,0
25246,0
25258,0
25259,0
25303,0
25308,0
25323,0
25339,0
25357,0
25382,0
25399,0
25430,0
25447,0
25463,0
25470,0
25481,0
25496,0
25530,0
25647,0
25660,0
25681,0
25699,0
25705,0
25707,0
25711,0
25715,0
25742,0
25766,0
25836,0
25887,0
25920,0
25938,0
25965,0
25967,0
26001,0
26016,0
26028,0
26165,0
26177,0
26260,0
26287,0
26323,0
26335,0
26344,0
26355,0
26446,0
26476,0
26477,0
26481,0
26503,0
26512,0
26530,0
26544,0
26599,0
26684,0
26687,0
26716,0
26732,0
26737,0
26787,0
26814,0
26872,0
26882,0
26916,0
26996,0
27045,0
27054,0
27091,0
27100,0
27110,0
27127,0
27151,0
27154,0
27182,0
27207,0
27213,0
27226,0
27335,0
27375,0
27400,0
27440,0
27454,0
27462,0
27494,0
27500,0
27521,0
27534,0
27547,0
27574,0
27612,0
27683,0
27688,0
27698,0
27735,0
27766,0
27782,0
27792,0
27849,0
27871,0
27878,0
27887,0
27889,0
27914,0
27980,0
28002,0
28014,0
28016,0
28028,0
28037,0
28044,0
28103,0
28105,0
28109,0
28143,0
28179,0
28191,0
28204,0
28213,0
28311,0
28320,0
28404,0
28426,0
28436,0
28462,0
28468,0
28480,0
28485,0
28501,0
28547,0
28548,0
28622,0
28657,0
28665,0
28668,0
28683,0
28687,0
28703,0
28711,0
28721,0
28728,0
28730,0
28761,0
28785,0
28787,0
28808,0
28830,0
28862,0
28865,0
28884,0
28886,0
28888,0
28891,0
29054,0
29074,0
29095,0
29122,0
29126,0
29147,0
29161,0
29175,0
29190,0
29289,0
29313,0
29329,0
29340,0
29341,0
29351,0
29368,0
29384,0
29425,0
29448,0
29454,0
29502,0
29510,0
29520,0
29545,0
29600,0
29606,0
29621,0
29627,0
29674,0
29733,0
29755,0
29757,0
29778,0
29822,0
29830,0
29848,0
29865,0
29907,0
29919,0
30004,0
30021,0
30038,0
30041,0
30042,0
30055,0
30092,0
30098,0
30139,0
30152,0
30180,0
30222,0
30229,0
30241,0
30245,0
30272,0
30286,0
30296,0
30335,0
30358,0
30366,0
30389,0
30418,0
30432,0
30444,0
30447,0
30516,0
30544,0
30563,0
30564,0
30656,0
30747,0
30784,0
30884,0
30946,0
30951,0
30959,0
31005,0
31008,0
31047,0
31073,0
31124,0
31144,0
31223,0
31260,0
31328,0
31354,0
31391,0
31398,0
31408,0
31486,0
31493,0
31494,0
31584,0
31615,0
31636,0
31665,0
31726,0
31728,0
31736,0
31739,0
31769,0
31779,0
31808,0
31834,0
31917,0
31928,0
31941,0
31961,0
31990,0
32037,0
32095,0
32114,0
32115,0
32116,0
32140,0
32163,0
32184,0
32200,0
32239,0
32245,0
32258,0
32274,0
32359,0
32451,0
32467,0
32487,0
32494,0
32498,0
32529,0
32545,0
32553,0
32558,0
32561,0
32602,0
32636,0
32709,0
32719,0
32727,0
32745,0
32850,0
32868,0
32898,0
32919,0
33002,0
33009,0
33025,0
33026,0
33039,0
33099,0
33153,0
33197,0
33228,0
33238,0
33273,0
33300,0
33351,0
33377,0
33388,0
33393,0
33394,0
33408,0
33441,0
33446,0
33460,0
33477,0
33507,0
33534,0
33577,0
33603,0
33607,0
33670,0
33672,0
33728,0
33752,0
33766,0
33807,0
33813,0
33824,0
33873,0
33892,0
33963,0
33989,0
34092,0
34219,0
34242,0
34249,0
34256,0
34311,0
34318,0
34348,0
34359,0
34419,0
34425,0
34474,0
34579,0
34678,0
34774,0
34781,0
34804,0
34824,0
34833,0
34841,0
34851,0
34888,0
34923,0
34948,0
34961,0
34963,0
34977,0
35018,0
35041,0
35047,0
35064,0
35137,0
35156,0
35226,0
35255,0
35340,0
35362,0
35379,0
35387,0
35397,0
35407,0
35438,0
35523,0
35533,0
35580,0
35588,0
35607,0
35613,0
35639,0
35658,0
35692,0
35721,0
35727,0
35739,0
35818,0
35897,0
35910,0
35935,0
35964,0
35970,0
35981,0
36045,0
36065,0
36076,0
36089,0
36124,0
36131,0
36155,0
36180,0
36262,0
36298,0
36303,0
36328,0
36355,0
36423,0
36433,0
36440,0
36443,0
36472,0
36498,0
36507,0
36529,0
36580,0
36626,0
36698,0
36769,0
36819,0
36834,0
36868,0
36925,0
36971,0
36987,0
37017,0
37054,0
37055,0
37064,0
37086,0
37148,0
37194,0
37201,0
37205,0
37219,0
37236,0
37283,0
37305,0
37360,0
37384,0
37397,0
37412,0
37439,0
37483,0
37489,0
37490,0
37580,0
37709,0
37739,0
37740,0
37744,0
37769,0
37795,0
37850,0
37859,0
37883,0
37937,0
37969,0
37975,0
38000,0
38001,0
38008,0
38049,0
38067,0
38131,0
38145,0
38167,0
38176,0
38178,0
38185,0
38216,0
38246,0
38317,0
38419,0
38441,0
38453,0
38512,0
38516,0
38564,0
38703,0
38726,0
38755,0
38856,0
38920,0
38948,0
39035,0
39036,0
39037,0
39170,0
39197,0
39233,0
39244,0
39300,0
39327,0
39373,0
39390,0
39392,0
39396,0
39409,0
39431,0
39456,0
39497,0
39508,0
39522,0
39595,0
39599,0
39682,0
39686,0
39705,0
39809,0
39835,0
39854,0
39898,0
39959,0
39975,0
40000,0
40044,0
40046,0
40051,0
40064,0
40119,0
40136,0
40140,0
40141,0
40147,0
40211,0
40217,0
40223,0
40233,0
40238,0
40254,0
40266,0
40276,0
40304,0
40315,0
40316,0
40473,0
40496,0
40553,0
40642,0
40643,0
40647,0
40650,0
40666,0
40696,0
40730,0
40758,0
40797,0
40800,0
40847,0
40878,0
40899,0
40941,0
40985,0
41013,0
41027,0
41049,0
41116,0
41244,0
41306,0
41327,0
41428,0
41455,0
41463,0
41495,0
41529,0
41544,0
41611,0
41629,0
41690,0
41710,0
41729,0
41754,0
41804,0
41849,0
41856,0
41864,0
41872,0
41876,0
41882,0
41898,0
41918,0
41977,0
41996,0
42029,0
42050,0
42052,0
42088,0
42113,0
42134,0
42186,0
42232,0
42293,0
42298,0
42310,0
42324,0
42340,0
42368,0
42430,0
42463,0
42466,0
42475,0
42480,0
42483,0
42497,0
42510,0
42513,0
42557,0
42560,0
42625,0
42633,0
42635,0
42661,0
42705,0
42760,0
42768,0
42784,0
42787,0
42849,0
42869,0
42896,0
42933,0
42937,0
42939,0
42978,0
42994,0
43017,0
43074,0
43078,0
43096,0
43108,0
43117,0
43127,0
43134,0
43176,0
43181,0
43240,0
43317,0
43414,0
43426,0
43434,0
43446,0
43468,0
43486,0
43579,0
43597,0
43625,0
43679,0
43712,0
43718,0
43749,0
43767,0
43772,0
43795,0
43808,0
43826,0
43858,0
43972,0
43976,0
44015,0
44054,0
44074,0
44097,0
44113,0
44116,0
44124,0
44136,0
44151,0
44176,0
44217,0
44292,0
44306,0
44340,0
44350,0
44353,0
44384,0
44391,0
44410,0
44485,0
44509,0
44518,0
44525,0
44569,0
44570,0
44580,0
44601,0
44639,0
44688,0
44744,0
44750,0
44753,0
44834,0
44871,0
44900,0
44958,0
44984,0
45026,0
45030,0
45066,0
45100,0
45103,0
45177,0
45187,0
45192,0
45237,0
45241,0
45299,0
45367,0
45371,0
45389,0
45410,0
45436,0
45503,0
45508,0
45514,0
45541,0
45560,0
45589,0
45690,0
45697,0
45715,0
45794,0
45803,0
45838,0
45847,0
45871,0
45876,0
45915,0
45947,0
46022,0
46058,0
46071,0
46076,0
46078,0
46132,0
46156,0
46168,0
46176,0
46224,0
46245,0
46270,0
46304,0
46309,0
46389,0
46404,0
46430,0
46450,0
46468,0
46469,0
46470,0
46529,0
46551,0
46562,0
46592,0
46599,0
46641,0
46651,0
46675,0
46700,0
46702,0
46740,0
46783,0
46822,0
46832,0
46835,0
46868,0
46919,0
46921,0
46956,0
46961,0
47043,0
47048,0
47055,0
47073,0
47101,0
47112,0
47129,0
47169,0
47230,0
47258,0
47279,0
47293,0
47344,0
47349,0
47399,0
47447,0
47488,0
47508,0
47512,0
47515,0
47535,0
47540,0
47542,0
47632,0
47643,0
47663,0
47681,0
47699,0
47762,0
47772,0
47880,0
47884,0
47909,0
47928,0
47947,0
47962,0
47970,0
48008,0
48024,0
48068,0
48092,0
48109,0
48149,0
48151,0
48173,0
48245,0
48294,0
48331,0
48333,0
48362,0
48414,0
48456,0
48458,0
48460,0
48483,0
48505,0
48557,0
48628,0
48639,0
48667,0
48675,0
48717,0
48745,0
48761,0
48802,0
48838,0
48854,0
48865,0
48866,0
48897,0
48918,0
48935,0
48944,0
48951,0
48960,0
48978,0
48990,0
48997,0
48999,0
49018,0
49071,0
49100,0
49102,0
49131,0
49150,0
49160,0
49235,0
49276,0
49306,0
49308,0
49328,0
49367,0
49379,0
49396,0
49414,0
49443,0
49487,0
49502,0
49571,0
49594,0
49596,0
49614,0
49640,0
49663,0
49664,0
49687,0
49701,0
49732,0
49790,0
49898,0
49913,0
49971,0
49982,0
50005,0
50034,0
50036,0
50062,0
50070,0
50120,0
50141,0
50159,0
50197,0
50241,0
50276,0
50380,0
50382,0
50428,0
50453,0
50496,0
50548,0
50566,0
50622,0
50650,0
50682,0
50718,0
50727,0
50734,0
50736,0
50756,0
50798,0
50842,0
50848,0
50866,0
50874,0
50906,0
50926,0
51005,0
51055,0
51071,0
51090,0
51161,0
51181,0
51193,0
51212,0
51232,0
51254,0
51278,0
51280,0
51343,0
51357,0
51361,0
51377,0
51408,0
51484,0
51497,0
51509,0
51557,0
51573,0
51587,0
51600,0
51617,0
51639,0
51722,0
51735,0
51738,0
51764,0
51807,0
51826,0
51861,0
51866,0
51877,0
51937,0
51958,0
52028,0
52031,0
52049,0
52118,0
52138,0
52162,0
52180,0
52237,0
52238,0
52261,0
52264,0
52273,0
52338,0
52418,0
52456,0
52462,0
52481,0
52505,0
52530,0
52630,0
52669,0
52672,0
52741,0
52839,0
52858,0
52891,0
52896,0
52914,0
52965,0
53032,0
53041,0
53068,0
53110,0
53130,0
53191,0
53212,0
53244,0
53253,0
53276,0
53333,0
53341,0
53352,0
53388,0
53399,0
53475,0
53522,0
53536,0
53673,0
53679,0
53722,0
53868,0
53897,0
53906,0
53934,0
54009,0
54036,0
54076,0
54085,0
54097,0
54125,0
54132,0
54166,0
54171,0
54186,0
54189,0
54197,0
54204,0
54257,0
54362,0
54388,0
54391,0
54446,0
54476,0
54488,0
54525,0
54528,0
54584,0
54595,0
54601,0
54616,0
54634,0
54658,0
54704,0
54707,0
54726,0
54748,0
54791,0
54797,0
54810,0
54818,0
54819,0
54822,0
54852,0
54877,0
54901,0
54903,0
54916,0
54925,0
54950,0
54973,0
54998,0
55027,0
55029,0
55103,0
55149,0
55159,0
55193,0
55211,0
55229,0
55256,0
55305,0
55329,0
55338,0
55368,0
55383,0
55400,0
55443,0
55531,0
55534,0
55541,0
55586,0
55680,0
55709,0
55810,0
55811,0
55813,0
55846,0
55872,0
55890,0
55898,0
55937,0
55942,0
56009,0
56073,0
56080,0
56081,0
56114,0
56158,0
56172,0
56182,0
56259,0
56283,0
56387,0
56395,0
56412,0
56444,0
56490,0
56520,0
56528,0
56571,0
56574,0
56600,0
56607,0
56651,0
56655,0
56664,0
56690,0
56708,0
56751,0
56771,0
56799,0
56818,0
56892,0
56906,0
57048,0
57074,0
57107,0
57184,0
57249,0
57257,0
57292,0
57313,0
57332,0
57337,0
57368,0
57412,0
57418,0
57426,0
57439,0
57453,0
57471,0
57481,0
57493,0
57565,0
57569,0
57577,0
57592,0
57620,0
57624,0
57691,0
57695,0
57712,0
57788,0
57807,0
57841,0
57857,0
57869,0
57873,0
57967,0
57969,0
58001,0
58008,0
58019,0
58028,0
58062,0
58236,0
58241,0
58264,0
58266,0
58287,0
58288,0
58292,0
58296,0
58303,0
58306,0
58355,0
58359,0
58368,0
58371,0
58492,0
58501,0
58534,0
58588,0
58631,0
58656,0
58679,0
58711,0
58761,0
58801,0
58824,0
58933,0
58980,0
58999,0
59001,0
59034,0
59042,0
59108,0
59134,0
59154,0
59179,0
59184,0
59189,0
59256,0
59264,0
59333,0
59339,0
59374,0
59404,0
59475,0
59480,0
59532,0
59539,0
59563,0
59585,0
59671,0
59681,0
59712,0
59715,0
59716,0
59846,0
59875,0
59887,0
59937,0
59956,0
59960,0
60027,0
60036,0
60044,0
60057,0
60068,0
60095,0
60123,0
60154,0
60156,0
60187,0
60193,0
60203,0
60247,0
60257,0
60278,0
60282,0
60300,0
60340,0
60344,0
60410,0
60437,0
60458,0
60498,0
60504,0
60560,0
60564,0
60573,0
60634,0
60639,0
60753,0
60779,0
60806,0
60816,0
60827,0
60830,0
60838,0
60844,0
60862,0
60866,0
60870,0
60891,0
60922,0
60939,0
60944,0
60998,0
61016,0
61028,0
61037,0
61054,0
61072,0
61088,0
61102,0
61127,0
61164,0
61200,0
61242,0
61250,0
61253,0
61300,0
61359,0
61387,0
61389,0
61391,0
61403,0
61413,0
61486,0
61527,0
61530,0
61572,0
61575,0
61578,0
61580,0
61597,0
61640,0
61680,0
61724,0
61727,0
61779,0
61783,0
61785,0
61844,0
61856,0
61857,0
61889,0
61894,0
61895,0
61906,0
61929,0
62014,0
62072,0
62097,0
62163,0
62223,0
62225,0
62235,0
62270,0
62288,0
62307,0
62339,0
62361,0
62365,0
62375,0
62382,0
62412,0
62432,0
62524,0
62527,0
62559,0
62577,0
62621,0
62643,0
62686,0
62705,0
62732,0
62797,0
62856,0
62888,0
62896,0
62906,0
62935,0
63039,0
63041,0
63048,0
63080,0
63104,0
63118,0
63134,0
63208,0
63213,0
63238,0
63252,0
63254,0
63369,0
63401,0
63456,0
63492,0
63497,0
63529,0
63541,0
63559,0
63578,0
63633,0
63643,0
63681,0
63700,0
63745,0
63747,0
63753,0
63765,0
63800,0
63829,0
63885,0
63886,0
64021,0
64031,0
64038,0
64046,0
64117,0
64137,0
64268,0
64274,0
64280,0
64384,0
64407,0
64414,0
64421,0
64446,0
64494,0
64520,0
64536,0
64548,0
64598,0
64607,0
64621,0
64655,0
64670,0
64708,0
64764,0
64810,0
64824,0
64890,0
64909,0
64941,0
64975,0
65005,0
65006,0
65022,0
65085,0
65086,0
65119,0
65131,0
65148,0
65200,0
65241,0
65242,0
65253,0
65278,0
65283,0
65320,0
65341,0
65463,0
65491,0
65516,0
65650,0
65659,0
65740,0
65782,0
65803,0
65807,0
65814,0
65834,0
65843,0
65847,0
65875,0
65916,0
65930,0
65963,0
66007,0
66014,0
66026,0
66104,0
66122,0
66143,0
66159,0
66181,0
66183,0
66195,0
66205,0
66210,0
66230,0
66241,0
66318,0
66324,0
66429,0
66438,0
66493,0
66527,0
66553,0
66576,0
66579,0
66624,0
66630,0
66650,0
66672,0
66686,0
66711,0
66717,0
66751,0
66774,0
66776,0
66809,0
66854,0
66876,0
66914,0
66916,0
66943,0
66961,0
66965,0
66978,0
66979,0
67016,0
67021,0
67030,0
67044,0
67067,0
67092,0
67115,0
67137,0
67212,0
67217,0
67275,0
67287,0
67309,0
67422,0
67434,0
67500,0
67585,0
67704,0
67751,0
67756,0
67771,0
67782,0
67803,0
67850,0
67894,0
67917,0
67923,0
68077,0
68127,0
68141,0
68185,0
68204,0
68277,0
68300,0
68337,0
68368,0
68371,0
68373,0
68395,0
68422,0
68455,0
68459,0
68460,0
68505,0
68513,0
68528,0
68535,0
68543,0
68545,0
68583,0
68599,0
68690,0
68695,0
68708,0
68732,0
68756,0
68790,0
68801,0
68820,0
68822,0
68824,0
68836,0
68881,0
68919,0
69009,0
69099,0
69186,0
69187,0
69246,0
69262,0
69270,0
69338,0
69373,0
69453,0
69472,0
69487,0
69495,0
69571,0
69588,0
69590,0
69595,0
69596,0
69618,0
69628,0
69637,0
69648,0
69686,0
69710,0
69713,0
69733,0
69792,0
69846,0
69898,0
69909,0
69932,0
69935,0
69971,0
69985,0
70001,0
70008,0
70088,0
70177,0
70183,0
70216,0
70232,0
70234,0
70282,0
70297,0
70306,0
70354,0
70399,0
70429,0
70491,0
70497,0
70535,0
70592,0
70599,0
70630,0
70648,0
70718,0
70741,0
70824,0
70848,0
70857,0
70868,0
70903,0
70934,0
70966,0
70973,0
70985,0
71012,0
71034,0
71036,0
71089,0
71110,0
71116,0
71127,0
71148,0
71153,0
71175,0
71200,0
71202,0
71223,0
71244,0
71324,0
71370,0
71418,0
71545,0
71554,0
71576,0
71695,0
71701,0
71777,0
71802,0
71803,0
71809,0
71890,0
72000,0
72058,0
72110,0
72112,0
72119,0
72245,0
72251,0
72268,0
72302,0
72341,0
72358,0
72359,0
72362,0
72408,0
72427,0
72432,0
72474,0
72476,0
72484,0
72490,0
72504,0
72505,0
72518,0
72563,0
72565,0
72652,0
72700,0
72721,0
72732,0
72748,0
72750,0
72761,0
72797,0
72837,0
72843,0
72877,0
72923,0
72926,0
72944,0
72969,0
72989,0
73013,0
73070,0
73089,0
73127,0
73135,0
73198,0
73216,0
73248,0
73258,0
73297,0
73358,0
73367,0
73424,0
73426,0
73444,0
73445,0
73452,0
73487,0
73506,0
73559,0
73632,0
73672,0
73721,0
73736,0
73761,0
73769,0
73871,0
73879,0
73909,0
74008,0
74031,0
74044,0
74078,0
74134,0
74196,0
74227,0
74301,0
74306,0
74357,0
74360,0
74376,0
74397,0
74403,0
74422,0
74444,0
74519,0
74549,0
74606,0
74611,0
74684,0
74900,0
74908,0
75072,0
75099,0
75100,0
75114,0
75177,0
75193,0
75224,0
75251,0
75290,0
75313,0
75395,0
75399,0
75423,0
75433,0
75439,0
75451,0
75489,0
75537,0
75687,0
75851,0
75984,0
76030,0
76031,0
76069,0
76100,0
76141,0
76154,0
76206,0
76241,0
76260,0
76279,0
76291,0
76311,0
76313,0
76347,0
76378,0
76381,0
76406,0
76420,0
76475,0
76535,0
76604,0
76626,0
76656,0
76658,0
76700,0
76707,0
76748,0
76762,0
76787,0
76826,0
76855,0
76909,0
76922,0
76928,0
76948,0
77006,0
77012,0
77023,0
77033,0
77056,0
77091,0
77110,0
77131,0
77132,0
77138,0
77230,0
77285,0
77367,0
77377,0
77442,0
77445,0
77457,0
77481,0
77505,0
77534,0
77535,0
77588,0
77617,0
77664,0
77688,0
77701,0
77714,0
77725,0
77736,0
77753,0
77784,0
77837,0
77851,0
77872,0
77897,0
77936,0
77962,0
78015,0
78128,0
78149,0
78224,0
78234,0
78236,0
78252,0
78326,0
78340,0
78366,0
78416,0
78431,0
78485,0
78509,0
78526,0
78536,0
78607,0
78612,0
78630,0
78661,0
78698,0
78713,0
78726,0
78740,0
78747,0
78750,0
78796,0
78806,0
78810,0
78820,0
78892,0
78904,0
78917,0
78922,0
78945,0
78953,0
78969,0
79020,0
79036,0
79060,0
79076,0
79100,0
79112,0
79125,0
79141,0
79143,0
79161,0
79174,0
79212,0
79231,0
79288,0
79325,0
79338,0
79359,0
79367,0
79373,0
79388,0
79390,0
79396,0
79471,0
79503,0
79507,0
79514,0
79528,0
79530,0
79531,0
79555,0
79592,0
79639,0
79689,0
79728,0
79787,0
79790,0
79810,0
79843,0
79866,0
79883,0
79903,0
79914,0
79938,0
79951,0
79959,0
79971,0
80059,0
80106,0
80107,0
80180,0
80181,0
80202,0
80211,0
80261,0
80335,0
80346,0
80375,0
80381,0
80399,0
80439,0
80476,0
80478,0
80485,0
80547,0
80556,0
80566,0
80573,0
80579,0
80589,0
80654,0
80671,0
80683,0
80732,0
80746,0
80751,0
80800,0
80807,0
80826,0
80831,0
80916,0
80937,0
80946,0
80953,0
80984,0
81114,0
81122,0
81161,0
81168,0
81191,0
81219,0
81246,0
81303,0
81324,0
81347,0
81355,0
81385,0
81398,0
81448,0
81475,0
81477,0
81507,0
81551,0
81552,0
81572,0
81603,0
81648,0
81654,0
81685,0
81736,0
81739,0
81748,0
81758,0
81764,0
81767,0
81793,0
81815,0
81821,0
81830,0
81841,0
81850,0
81854,0
81952,0
81976,0
81999,0
82046,0
82094,0
82103,0
82121,0
82132,0
82146,0
82158,0
82219,0
82252,0
82253,0
82262,0
82313,0
82329,0
82370,0
82401,0
82420,0
82434,0
82441,0
82459,0
82463,0
82510,0
82573,0
82576,0
82697,0
82718,0
82724,0
82727,0
82757,0
82759,0
82798,0
82833,0
82937,0
82973,0
82976,0
83045,0
83081,0
83110,0
83124,0
83132,0
83155,0
83161,0
83167,0
83230,0
83277,0
83278,0
83343,0
83372,0
83381,0
83382,0
83393,0
83507,0
83511,0
83530,0
83544,0
83551,0
83585,0
83597,0
83600,0
83603,0
83721,0
83722,0
83746,0
83753,0
83775,0
83861,0
83893,0
83901,0
83923,0
83939,0
83981,0
83985,0
83989,0
84021,0
84056,0
84061,0
84064,0
84068,0
84122,0
84128,0
84139,0
84142,0
84144,0
84184,0
84234,0
84256,0
84272,0
84291,0
84297,0
84305,0
84334,0
84352,0
84367,0
84418,0
84456,0
84500,0
84532,0
84592,0
84624,0
84644,0
84657,0
84670,0
84779,0
84835,0
84836,0
84845,0
84861,0
84924,0
84939,0
84956,0
84961,0
84965,0
84975,0
85007,0
85029,0
85043,0
85065,0
85074,0
85158,0
85198,0
85231,0
85290,0
85303,0
85328,0
85338,0
85358,0
85360,0
85376,0
85406,0
85410,0
85435,0
85491,0
85542,0
85554,0
85583,0
85618,0
85620,0
85622,0
85628,0
85630,0
85643,0
85687,0
85707,0
85709,0
85740,0
85742,0
85755,0
85758,0
85762,0
85772,0
85816,0
85837,0
85890,0
85898,0
85923,0
85946,0
85960,0
85986,0
86023,0
86040,0
86200,0
86201,0
86204,0
86217,0
86222,0
86236,0
86248,0
86279,0
86360,0
86412,0
86553,0
86554,0
86558,0
86609,0
86610,0
86659,0
86667,0
86675,0
86683,0
86711,0
86720,0
86756,0
86772,0
86780,0
86862,0
86962,0
86969,0
87007,0
87012,0
87079,0
87082,0
87138,0
87145,0
87155,0
87184,0
87206,0
87254,0
87281,0
87292,0
87295,0
87317,0
87318,0
87356,0
87402,0
87433,0
87472,0
87509,0
87516,0
87532,0
87573,0
87595,0
87599,0
87643,0
87647,0
87663,0
87711,0
87713,0
87725,0
87732,0
87868,0
87873,0
87952,0
88007,0
88040,0
88115,0
88134,0
88139,0
88166,0
88177,0
88181,0
88204,0
88206,0
88236,0
88268,0
88287,0
88301,0
88323,0
88342,0
88389,0
88396,0
88441,0
88444,0
88538,0
88583,0
88637,0
88642,0
88689,0
88704,0
88710,0
88732,0
88736,0
88738,0
88751,0
88798,0
88803,0
88830,0
88834,0
88853,0
88856,0
88895,0
88934,0
88969,0
88990,0
89017,0
89036,0
89039,0
89051,0
89100,0
89128,0
89178,0
89390,0
89536,0
89538,0
89541,0
89589,0
89591,0
89610,0
89612,0
89678,0
89741,0
89756,0
89757,0
89763,0
89819,0
89870,0
89884,0
89914,0
89954,0
89968,0
90033,0
90053,0
90078,0
90125,0
90165,0
90175,0
90178,0
90188,0
90189,0
90222,0
90495,0
90506,0
90537,0
90578,0
90597,0
90634,0
90639,0
90644,0
90670,0
90714,0
90742,0
90744,0
90862,0
90899,0
90913,0
90992,0
91051,0
91055,0
91068,0
91092,0
91119,0
91132,0
91153,0
91205,0
91256,0
91327,0
91329,0
91334,0
91354,0
91361,0
91391,0
91421,0
91476,0
91496,0
91532,0
91640,0
91647,0
91668,0
91725,0
91742,0
91753,0
91810,0
91811,0
91876,0
91906,0
91910,0
91999,0
92020,0
92077,0
92109,0
92145,0
92175,0
92181,0
92183,0
92232,0
92323,0
92348,0
92371,0
92393,0
92426,0
92462,0
92480,0
92512,0
92517,0
92549,0
92567,0
92575,0
92593,0
92612,0
92622,0
92630,0
92642,0
92778,0
92842,0
92859,0
92871,0
92878,0
92992,0
93053,0
93246,0
93295,0
93340,0
93366,0
93383,0
93420,0
93444,0
93461,0
93462,0
93473,0
93523,0
93525,0
93563,0
93607,0
93651,0
93683,0
93703,0
93710,0
93737,0
93799,0
93844,0
93854,0
93874,0
93901,0
93909,0
94031,0
94081,0
94084,0
94086,0
94091,0
94106,0
94138,0
94147,0
94159,0
94229,0
94230,0
94259,0
94270,0
94289,0
94308,0
94332,0
94338,0
94340,0
94348,0
94372,0
94382,0
94409,0
94435,0
94437,0
94452,0
94470,0
94510,0
94534,0
94535,0
94594,0
94613,0
94632,0
94647,0
94653,0
94668,0
94670,0
94762,0
94765,0
94823,0
94830,0
94853,0
94871,0
94878,0
94946,0
94962,0
95006,0
95013,0
95017,0
95076,0
95095,0
95127,0
95247,0
95273,0
95284,0
95376,0
95414,0
95486,0
95499,0
95501,0
95540,0
95579,0
95597,0
95598,0
95602,0
95641,0
95653,0
95667,0
95698,0
95752,0
95754,0
95759,0
95780,0
95792,0
95826,0
95866,0
95920,0
95921,0
95939,0
96010,0
96030,0
96077,0
96116,0
96136,0
96156,0
96166,0
96176,0
96183,0
96220,0
96229,0
96276,0
96277,0
96282,0
96304,0
96340,0
96369,0
96384,0
96394,0
96417,0
96452,0
96464,0
96467,0
96477,0
96509,0
96541,0
96542,0
96553,0
96576,0
96580,0
96613,0
96633,0
96684,0
96689,0
96709,0
96718,0
96755,0
96785,0
96788,0
96792,0
96863,0
96868,0
96886,0
96897,0
96948,0
96970,0
96995,0
97014,0
97057,0
97092,0
97094,0
97125,0
97141,0
97174,0
97213,0
97241,0
97354,0
97372,0
97394,0
97420,0
97422,0
97537,0
97624,0
97688,0
97689,0
97725,0
97767,0
97768,0
97770,0
97782,0
97814,0
97861,0
97880,0
97971,0
98077,0
98094,0
98105,0
98207,0
98208,0
98215,0
98216,0
98227,0
98248,0
98257,0
98266,0
98283,0
98284,0
98302,0
98315,0
98343,0
98373,0
98416,0
98428,0
98461,0
98467,0
98477,0
98513,0
98516,0
98525,0
98603,0
98637,0
98639,0
98640,0
98682,0
98685,0
98724,0
98733,0
98746,0
98790,0
98838,0
98964,0
98989,0
98990,0
99009,0
99087,0
99132,0
99210,0
99221,0
99222,0
99226,0
99229,0
99240,0
99264,0
99290,0
99306,0
99357,0
99505,0
99513,0
99538,0
99612,0
99626,0
99648,0
99668,0
99742,0
99760,0
99825,0
99851,0
99868,0
99877,0
99954,0
100007,0
100014,0
100069,0
100106,0
100112,0
100132,0
100159,0
100182,0
100191,0
100194,0
100236,0
100278,0
100322,0
100341,0
100421,0
100427,0
100432,0
100467,0
100478,0
100487,0
100534,0
100594,0
100641,0
100682,0
100802,0
100838,0
100870,0
100931,0
100942,0
100972,0
100973,0
100989,0
100998,0
101026,0
101156,0
101207,0
101218,0
101257,0
101303,0
101363,0
101420,0
101478,0
101511,0
101536,0
101559,0
101597,0
101664,0
101749,0
101762,0
101763,0
101777,0
101829,0
101876,0
101938,0
101942,0
101948,0
101970,0
102003,0
102023,0
102108,0
102230,0
102243,0
102264,0
102278,0
102279,0
102321,0
102377,0
102378,0
102419,0
102420,0
102459,0
102496,0
102545,0
102609,0
102614,0
102624,0
102682,0
102774,0
102775,0
102817,0
102947,0
102963,0
102988,0
103024,0
103045,0
103057,0
103058,0
103094,0
103176,0
103203,0
103225,0
103239,0
103250,0
103294,0
103332,0
103359,0
103390,0
103432,0
103451,0
103466,0
103485,0
103625,0
103642,0
103646,0
103703,0
103762,0
103838,0
103853,0
103854,0
103933,0
103971,0
104009,0
104022,0
104032,0
104094,0
104136,0
104137,0
104146,0
104148,0
104167,0
104241,0
104349,0
104351,0
104363,0
104375,0
104418,0
104425,0
104432,0
104441,0
104502,0
104520,0
104582,0
104627,0
104681,0
104683,0
104718,0
104727,0
104769,0
104771,0
104834,0
104843,0
104844,0
104853,0
104867,0
104887,0
104921,0
104924,0
104944,0
104948,0
104974,0
104976,0
104986,0
105002,0
105020,0
105039,0
105077,0
105102,0
105127,0
105142,0
105155,0
105243,0
105299,0
105364,0
105372,0
105380,0
105384,0
105394,0
105401,0
105452,0
105475,0
105480,0
105502,0
105523,0
105526,0
105562,0
105603,0
105616,0
105617,0
105625,0
105650,0
105670,0
105682,0
105710,0
105744,0
105747,0
105755,0
105798,0
105859,0
105879,0
105894,0
105899,0
105910,0
105954,0
106006,0
106031,0
106074,0
106090,0
106116,0
106186,0
106198,0
106216,0
106228,0
106239,0
106288,0
106301,0
106306,0
106322,0
106326,0
106334,0
106358,0
106373,0
106503,0
106550,0
106607,0
106608,0
106739,0
106786,0
106828,0
106876,0
106927,0
106931,0
106962,0
106971,0
107006,0
107026,0
107134,0
107171,0
107195,0
107204,0
107289,0
107299,0
107314,0
107325,0
107416,0
107425,0
107448,0
107451,0
107454,0
107500,0
107531,0
107567,0
107600,0
107665,0
107730,0
107733,0
107744,0
107752,0
107755,0
107757,0
107764,0
107766,0
107826,0
107840,0
107851,0
107854,0
107903,0
107956,0
107968,0
107994,0
108030,0
108060,0
108064,0
108078,0
108087,0
108089,0
108094,0
108122,0
108195,0
108230,0
108244,0
108246,0
108324,0
108331,0
108360,0
108384,0
108405,0
108432,0
108589,0
108598,0
108599,0
108642,0
108649,0
108658,0
108699,0
108700,0
108736,0
108738,0
108749,0
108770,0
108773,0
108782,0
108791,0
108799,0
108829,0
108859,0
108896,0
108898,0
108913,0
108923,0
108925,0
108952,0
108969,0
108984,0
108994,0
109056,0
109097,0
109145,0
109167,0
109204,0
109239,0
109266,0
109294,0
109366,0
109373,0
109401,0
109425,0
109471,0
109493,0
109511,0
109549,0
109563,0
109589,0
109616,0
109620,0
109629,0
109701,0
109702,0
109720,0
109764,0
109835,0
109844,0
109921,0
109930,0
109958,0
110014,0
110056,0
110084,0
110116,0
110139,0
110143,0
110151,0
110176,0
110232,0
110261,0
110288,0
110318,0
110346,0
110360,0
110368,0
110371,0
110394,0
110396,0
110429,0
110474,0
110478,0
110495,0
110520,0
110548,0
110559,0
110630,0
110640,0
110675,0
110684,0
110752,0
110823,0
110826,0
110841,0
110848,0
110867,0
110893,0
110904,0
110911,0
110945,0
110951,0
110980,0
110983,0
110990,0
111018,0
111055,0
111084,0
111096,0
111104,0
111118,0
111186,0
111238,0
111247,0
111272,0
111408,0
111411,0
111425,0
111482,0
111498,0
111524,0
111583,0
111675,0
111722,0
111746,0
111769,0
111780,0
111793,0
111807,0
111809,0
111813,0
111823,0
111831,0
111853,0
111873,0
111889,0
111895,0
111944,0
111948,0
111949,0
111968,0
111980,0
112000,0
112046,0
112047,0
112052,0
112104,0
112167,0
112172,0
112194,0
112212,0
112217,0
112224,0
112233,0
112235,0
112257,0
112275,0
112352,0
112385,0
112398,0
112413,0
112432,0
112439,0
112479,0
112481,0
112521,0
112539,0
112638,0
112660,0
112673,0
112693,0
112732,0
112769,0
112784,0
112788,0
112813,0
112821,0
112833,0
112858,0
112880,0
112891,0
112927,0
113051,0
113106,0
113111,0
113127,0
113139,0
113206,0
113233,0
113257,0
113278,0
113342,0
113354,0
113396,0
113421,0
113451,0
113456,0
113466,0
113480,0
113497,0
113551,0
113559,0
113566,0
113604,0
113616,0
113623,0
113638,0
113640,0
113673,0
113676,0
113871,0
113896,0
113956,0
113967,0
113969,0
114005,0
114028,0
114095,0
114159,0
114210,0
114305,0
114337,0
114341,0
114405,0
114451,0
114458,0
114500,0
114546,0
114623,0
114624,0
114672,0
114733,0
114734,0
114770,0
114817,0
114849,0
114865,0
114874,0
114880,0
114901,0
114935,0
114948,0
114960,0
115013,0
115056,0
115105,0
115164,0
115198,0
115228,0
115243,0
115255,0
115280,0
115282,0
115306,0
115327,0
115379,0
115398,0
115403,0
115411,0
115485,0
115502,0
115523,0
115543,0
115546,0
115559,0
115578,0
115592,0
115597,0
115606,0
115614,0
115661,0
115664,0
115708,0
115757,0
115764,0
115766,0
115769,0
115810,0
115816,0
115823,0
115832,0
115833,0
115858,0
115901,0
115912,0
115917,0
115935,0
115967,0
115970,0
115975,0
116085,0
116098,0
116137,0
116172,0
116223,0
116242,0
116312,0
116332,0
116355,0
116444,0
116447,0
116451,0
116469,0
116495,0
116506,0
116534,0
116545,0
116572,0
116590,0
116594,0
116635,0
116717,0
116735,0
116750,0
116756,0
116781,0
116852,0
116859,0
116930,0
116938,0
116953,0
116955,0
116990,0
117016,0
117017,0
117019,0
117034,0
117073,0
117078,0
117092,0
117103,0
117114,0
117147,0
117175,0
117207,0
117294,0
117298,0
117306,0
117327,0
117331,0
117379,0
117455,0
117497,0
117611,0
117664,0
117701,0
117708,0
117717,0
117752,0
117766,0
117768,0
117779,0
117797,0
117804,0
117814,0
117849,0
117888,0
117947,0
118072,0
118091,0
118101,0
118103,0
118127,0
118206,0
118244,0
118245,0
118258,0
118268,0
118276,0
118299,0
118323,0
118330,0
118347,0
118355,0
118356,0
118393,0
118426,0
118451,0
118476,0
118478,0
118494,0
118495,0
118507,0
118519,0
118546,0
118572,0
118602,0
118659,0
118700,0
118733,0
118742,0
118761,0
118768,0
118815,0
118830,0
118851,0
118855,0
118860,0
118884,0
118886,0
118903,0
118908,0
118923,0
118929,0
118986,0
119072,0
119099,0
119145,0
119153,0
119170,0
119172,0
119192,0
119215,0
119218,0
119230,0
119247,0
119353,0
119412,0
119432,0
119444,0
119460,0
119490,0
119528,0
119622,0
119671,0
119690,0
119712,0
119717,0
119725,0
119727,0
119749,0
119751,0
119759,0
119800,0
119830,0
119835,0
119842,0
119854,0
119917,0
119950,0
119964,0
120009,0
120038,0
120079,0
120193,0
120208,0
120209,0
120220,0
120229,0
120248,0
120252,0
120324,0
120346,0
120406,0
120434,0
120469,0
120499,0
120509,0
120564,0
120579,0
120596,0
120670,0
120705,0
120709,0
120710,0
120734,0
120743,0
120852,0
120887,0
120977,0
120985,0
121000,0
121010,0
121019,0
121070,0
121075,0
121097,0
121146,0
121160,0
121181,0
121205,0
121224,0
121232,0
121283,0
121296,0
121304,0
121361,0
121365,0
121367,0
121373,0
121441,0
121448,0
121481,0
121531,0
121548,0
121550,0
121635,0
121639,0
121652,0
121691,0
121701,0
121722,0
121779,0
121796,0
121834,0
121854,0
121914,0
121955,0
121960,0
121961,0
122019,0
122048,0
122082,0
122121,0
122177,0
122249,0
122258,0
122338,0
122399,0
122419,0
122425,0
122432,0
122480,0
122518,0
122576,0
122592,0
122609,0
122709,0
122746,0
122748,0
122761,0
122769,0
122794,0
122860,0
122913,0
122938,0
122948,0
123012,0
123042,0
123056,0
123141,0
123145,0
123151,0
123170,0
123200,0
123244,0
123252,0
123279,0
123306,0
123330,0
123336,0
123350,0
123381,0
123397,0
123421,0
123475,0
123489,0
123555,0
123561,0
123591,0
123640,0
123679,0
123725,0
123758,0
123764,0
123843,0
123856,0
123879,0
123912,0
123971,0
123997,0
124064,0
124082,0
124104,0
124172,0
124195,0
124196,0
124207,0
124251,0
124298,0
124318,0
124319,0
124345,0
124348,0
124350,0
124353,0
124368,0
124394,0
124475,0
124528,0
124539,0
124545,0
124551,0
124555,0
124575,0
124588,0
124650,0
124652,0
124680,0
124709,0
124734,0
124816,0
124828,0
124831,0
124872,0
124875,0
124881,0
124900,0
124978,0
124984,0
125058,0
125087,0
125133,0
125173,0
125179,0
125248,0
125332,0
125383,0
125387,0
125398,0
125579,0
125619,0
125665,0
125794,0
125818,0
125839,0
125896,0
125900,0
125915,0
125978,0
125987,0
126056,0
126107,0
126132,0
126159,0
126179,0
126198,0
126209,0
126255,0
126277,0
126291,0
126298,0
126302,0
126305,0
126307,0
126326,0
126329,0
126334,0
126349,0
126369,0
126393,0
126440,0
126486,0
126500,0
126504,0
126508,0
126522,0
126549,0
126571,0
126577,0
126592,0
126606,0
126670,0
126730,0
126750,0
126806,0
126818,0
126848,0
126876,0
126882,0
126909,0
126931,0
126965,0
126994,0
127011,0
127015,0
127039,0
127088,0
127096,0
127102,0
127222,0
127262,0
127274,0
127280,0
127296,0
127335,0
127340,0
127375,0
127379,0
127385,0
127492,0
127517,0
127519,0
127524,0
127605,0
127640,0
127705,0
127722,0
127745,0
127810,0
127921,0
127983,0
128016,0
128025,0
128046,0
128071,0
128087,0
128092,0
128126,0
128162,0
128203,0
128230,0
128231,0
128245,0
128256,0
128282,0
128295,0
128385,0
128392,0
128397,0
128398,0
128404,0
128491,0
128493,0
128509,0
128515,0
128539,0
128573,0
128580,0
128605,0
128629,0
128637,0
128648,0
128688,0
128701,0
128713,0
128729,0
128730,0
128735,0
128781,0
128785,0
128839,0
128861,0
128892,0
128939,0
128973,0
129015,0
129031,0
129090,0
129166,0
129266,0
129309,0
129323,0
129324,0
129351,0
129366,0
129394,0
129421,0
129445,0
129498,0
129565,0
129650,0
129661,0
129663,0
129724,0
129736,0
129759,0
129842,0
129851,0
129854,0
129858,0
129867,0
129895,0
129993,0
130022,0
130035,0
130041,0
130055,0
130127,0
130171,0
130283,0
130311,0
130350,0
130391,0
130392,0
130394,0
130407,0
130424,0
130460,0
130473,0
130491,0
130535,0
130543,0
130583,0
130584,0
130637,0
130693,0
130757,0
130855,0
130891,0
130892,0
130910,0
130919,0
130929,0
131026,0
131037,0
131058,0
131113,0
131160,0
131181,0
131205,0
131228,0
131269,0
131325,0
131358,0
131373,0
131403,0
131429,0
131492,0
131539,0
131613,0
131646,0
131651,0
131697,0
131703,0
131712,0
131715,0
131730,0
131795,0
131811,0
131830,0
131844,0
131944,0
131954,0
132003,0
132004,0
132016,0
132062,0
132111,0
132169,0
132173,0
132175,0
132209,0
132219,0
132220,0
132227,0
132289,0
132291,0
132296,0
132316,0
132336,0
132355,0
132356,0
132358,0
132388,0
132393,0
132406,0
132450,0
132465,0
132486,0
132499,0
132553,0
132686,0
132707,0
132750,0
132751,0
132755,0
132767,0
132771,0
132776,0
132799,0
132834,0
132843,0
132876,0
132942,0
132986,0
132995,0
133029,0
133035,0
133044,0
133068,0
133118,0
133133,0
133139,0
133148,0
133175,0
133198,0
133201,0
133265,0
133269,0
133278,0
133306,0
133318,0
133347,0
133382,0
133398,0
133403,0
133411,0
133435,0
133466,0
133576,0
133580,0
133585,0
133588,0
133602,0
133651,0
133665,0
133711,0
133718,0
133752,0
133773,0
133815,0
133869,0
133877,0
133887,0
133968,0
134009,0
134028,0
134034,0
134035,0
134058,0
134064,0
134072,0
134078,0
134101,0
134133,0
134146,0
134260,0
134268,0
134290,0
134313,0
134318,0
134324,0
134330,0
134340,0
134341,0
134397,0
134404,0
134410,0
134429,0
134438,0
134520,0
134534,0
134602,0
134607,0
134613,0
134629,0
134641,0
134664,0
134691,0
134733,0
134747,0
134768,0
134782,0
134803,0
134841,0
134845,0
134859,0
134877,0
134898,0
134945,0
134977,0
134987,0
135024,0
135031,0
135077,0
135101,0
135139,0
135140,0
135142,0
135154,0
135172,0
135189,0
135191,0
135232,0
135242,0
135262,0
135277,0
135279,0
135308,0
135350,0
135354,0
135377,0
135391,0
135410,0
135411,0
135412,0
135439,0
135488,0
135520,0
135522,0
135610,0
135621,0
135651,0
135663,0
135668,0
135721,0
135773,0
135815,0
135817,0
135822,0
135843,0
135876,0
135902,0
135962,0
135977,0
136066,0
136070,0
136099,0
136115,0
136120,0
136151,0
136178,0
136218,0
136233,0
136267,0
136268,0
136292,0
136300,0
136328,0
136330,0
136418,0
136427,0
136431,0
136439,0
136533,0
136547,0
136580,0
136597,0
136614,0
136702,0
136742,0
136785,0
136794,0
136867,0
136874,0
136924,0
136937,0
137005,0
137019,0
137096,0
137108,0
137127,0
137131,0
137133,0
137167,0
137176,0
137206,0
137262,0
137313,0
137315,0
137328,0
137335,0
137336,0
137359,0
137373,0
137377,0
137382,0
137386,0
137390,0
137411,0
137416,0
137443,0
137454,0
137484,0
137497,0
137516,0
137535,0
137590,0
137608,0
137620,0
137626,0
137711,0
137726,0
137727,0
137731,0
137747,0
137766,0
137773,0
137790,0
137795,0
137826,0
137844,0
137852,0
137898,0
137962,0
137993,0
138080,0
138094,0
138169,0
138175,0
138214,0
138266,0
138276,0
138312,0
138329,0
138336,0
138367,0
138380,0
138396,0
138483,0
138497,0
138498,0
138544,0
138558,0
138564,0
138604,0
138639,0
138663,0
138686,0
138687,0
138723,0
138752,0
138870,0
138879,0
138884,0
138948,0
138962,0
138975,0
138997,0
139036,0
139053,0
139119,0
139192,0
139205,0
139252,0
139273,0
139274,0
139284,0
139329,0
139332,0
139358,0
139366,0
139371,0
139410,0
139450,0
139451,0
139460,0
139547,0
139565,0
139589,0
139652,0
139764,0
139792,0
139800,0
139807,0
139905,0
139913,0
139954,0
139965,0
139966,0
140005,0
140011,0
140013,0
140016,0
140034,0
140053,0
140074,0
140080,0
140089,0
140098,0
140113,0
140114,0
140142,0
140148,0
140168,0
140190,0
140222,0
140236,0
140290,0
140296,0
140299,0
140353,0
140391,0
140413,0
140424,0
140448,0
140499,0
140525,0
140571,0
140578,0
140590,0
140596,0
140604,0
140728,0
140746,0
140801,0
140807,0
140809,0
140842,0
140848,0
140851,0
140855,0
140864,0
140927,0
140931,0
140954,0
140974,0
141005,0
141021,0
141134,0
141194,0
141209,0
141241,0
141269,0
141276,0
141280,0
141295,0
141339,0
141361,0
141392,0
141437,0
141550,0
141569,0
141606,0
141615,0
141616,0
141629,0
141646,0
141647,0
141674,0
141679,0
141692,0
141706,0
141732,0
141755,0
141762,0
141763,0
141782,0
141816,0
141827,0
141828,0
141831,0
141873,0
141883,0
141979,0
142021,0
142058,0
142069,0
142102,0
142144,0
142148,0
142259,0
142278,0
142330,0
142363,0
142398,0
142438,0
142475,0
142519,0
142525,0
142531,0
142536,0
142559,0
142582,0
142602,0
142627,0
142637,0
142675,0
142746,0
142782,0
142800,0
142803,0
142804,0
142832,0
142864,0
142885,0
142888,0
142973,0
142995,0
143008,0
143019,0
143103,0
143127,0
143133,0
143149,0
143189,0
143194,0
143224,0
143304,0
143326,0
143386,0
143399,0
143467,0
143495,0
143507,0
143508,0
143510,0
143532,0
143536,0
143557,0
143616,0
143635,0
143708,0
143734,0
143738,0
143740,0
143805,0
143819,0
143824,0
143845,0
143859,0
143903,0
143912,0
143940,0
144003,0
144025,0
144052,0
144066,0
144085,0
144101,0
144128,0
144185,0
144240,0
144259,0
144290,0
144351,0
144358,0
144427,0
144458,0
144470,0
144500,0
144505,0
144534,0
144544,0
144556,0
144618,0
144619,0
144621,0
144627,0
144633,0
144645,0
144660,0
144675,0
144704,0
144767,0
144847,0
144874,0
144956,0
144975,0
144985,0
144992,0
145022,0
145075,0
145083,0
145128,0
145135,0
145151,0
145157,0
145199,0
145283,0
145306,0
145315,0
145346,0
145392,0
145398,0
145482,0
145504,0
145509,0
145553,0
145562,0
145563,0
145595,0
145618,0
145641,0
145667,0
145677,0
145695,0
145912,0
145917,0
145935,0
145937,0
145960,0
146024,0
146038,0
146042,0
146061,0
146066,0
146115,0
146127,0
146179,0
146224,0
146247,0
146260,0
146305,0
146315,0
146321,0
146363,0
146441,0
146465,0
146510,0
146662,0
146693,0
146703,0
146730,0
146731,0
146742,0
146778,0
146786,0
146856,0
146863,0
146908,0
147002,0
147047,0
147283,0
147333,0
147358,0
147391,0
147399,0
147404,0
147586,0
147613,0
147639,0
147673,0
147677,0
147732,0
147776,0
147807,0
147829,0
147849,0
147879,0
147921,0
148011,0
148027,0
148034,0
148056,0
148089,0
148124,0
148159,0
148160,0
148178,0
148186,0
148215,0
148223,0
148240,0
148247,0
148254,0
148282,0
148311,0
148314,0
148320,0
148323,0
148328,0
148340,0
148363,0
148385,0
148393,0
148398,0
148401,0
148411,0
148421,0
148472,0
148474,0
148526,0
148529,0
148540,0
148542,0
148600,0
148686,0
148690,0
148694,0
148737,0
148738,0
148741,0
148754,0
148774,0
148780,0
148837,0
148848,0
148967,0
149028,0
149044,0
149048,0
149058,0
149076,0
149116,0
149123,0
149129,0
149171,0
149177,0
149199,0
149206,0
149280,0
149316,0
149345,0
149390,0
149398,0
149436,0
149488,0
149499,0
149511,0
149527,0
149538,0
149585,0
149599,0
149610,0
149679,0
149705,0
149731,0
149775,0
149776,0
149815,0
149871,0
149884,0
149944,0
149951,0
150007,0
150085,0
150087,0
150117,0
150142,0
150162,0
150216,0
150265,0
150276,0
150319,0
150355,0
150393,0
150425,0
150472,0
150602,0
150631,0
150637,0
150653,0
150674,0
150713,0
150722,0
150753,0
150769,0
150773,0
150836,0
150872,0
150901,0
150907,0
150966,0
151117,0
151144,0
151172,0
151215,0
151230,0
151285,0
151308,0
151345,0
151373,0
151387,0
151401,0
151415,0
151471,0
151489,0
151536,0
151562,0
151567,0
151578,0
151582,0
151588,0
151590,0
151630,0
151693,0
151791,0
151854,0
151895,0
151911,0
151930,0
151973,0
152056,0
152090,0
152105,0
152112,0
152114,0
152115,0
152160,0
152164,0
152209,0
152220,0
152240,0
152254,0
152285,0
152293,0
152308,0
152360,0
152365,0
152377,0
152393,0
152487,0
152522,0
152529,0
152600,0
152606,0
152639,0
152661,0
152698,0
152714,0
152817,0
152847,0
152911,0
152953,0
152959,0
152971,0
152977,0
153000,0
153027,0
153038,0
153040,0
153041,0
153047,0
153078,0
153093,0
153110,0
153113,0
153205,0
153246,0
153266,0
153277,0
153301,0
153302,0
153326,0
153340,0
153364,0
153381,0
153383,0
153437,0
153472,0
153478,0
153494,0
153508,0
153589,0
153696,0
153700,0
153702,0
153715,0
153730,0
153802,0
153850,0
153926,0
153966,0
153979,0
153981,0
154054,0
154082,0
154092,0
154098,0
154109,0
154147,0
154172,0
154174,0
154193,0
154196,0
154264,0
154283,0
154327,0
154333,0
154406,0
154431,0
154440,0
154463,0
154467,0
154480,0
154600,0
154623,0
154639,0
154677,0
154688,0
154721,0
154741,0
154827,0
154900,0
154905,0
154912,0
154950,0
154999,0
155004,0
155016,0
155033,0
155066,0
155129,0
155140,0
155162,0
155175,0
155180,0
155229,0
155297,0
155328,0
155331,0
155380,0
155391,0
155397,0
155438,0
155458,0
155480,0
155504,0
155546,0
155558,0
155560,0
155570,0
155623,0
155637,0
155641,0
155650,0
155652,0
155720,0
155745,0
155763,0
155819,0
155839,0
155840,0
155921,0
156017,0
156037,0
156039,0
156112,0
156188,0
156226,0
156269,0
156316,0
156329,0
156336,0
156340,0
156353,0
156384,0
156402,0
156413,0
156440,0
156456,0
156463,0
156514,0
156589,0
156593,0
156622,0
156630,0
156666,0
156741,0
156770,0
156787,0
156804,0
156849,0
156893,0
156931,0
156976,0
157027,0
157038,0
157049,0
157063,0
157084,0
157103,0
157111,0
157114,0
157117,0
157148,0
157153,0
157200,0
157314,0
157317,0
157379,0
157399,0
157418,0
157421,0
157443,0
157448,0
157507,0
157535,0
157536,0
157547,0
157553,0
157574,0
157595,0
157605,0
157627,0
157631,0
157649,0
157676,0
157678,0
157695,0
157715,0
157743,0
157761,0
157806,0
157830,0
157833,0
157923,0
157932,0
157947,0
157952,0
158012,0
158113,0
158134,0
158176,0
158197,0
158237,0
158260,0
158290,0
158325,0
158389,0
158399,0
158425,0
158438,0
158440,0
158449,0
158456,0
158487,0
158488,0
158523,0
158526,0
158540,0
158585,0
158694,0
158724,0
158848,0
158849,0
158861,0
158873,0
158888,0
158892,0
158895,0
158906,0
158925,0
158952,0
158985,0
159006,0
159137,0
159153,0
159165,0
159175,0
159186,0
159189,0
159199,0
159247,0
159265,0
159341,0
159343,0
159357,0
159375,0
159385,0
159398,0
159423,0
159430,0
159448,0
